domain,org_type,org_name,source,source_ref,is_active,notes
abbgymnasiet.se,enskild_huvudman,INDUSTRITEKNISKA GYMNASIET BERGSLAGEN AB,skolverket_organizer_api,https://api.skolverket.se/skolenhetsregistret/v2/organizers/5566081740,true,
abfstockholm.se,enskild_huvudman,ABF-S AVDELNING I STOCKHOLM,skolverket_organizer_api,https://api.skolverket.se/skolenhetsregistret/v2/organizers/8020057405,true,
academedia.se,enskild_huvudman,DBGY Regenten AB,skolverket_organizer_api,https://api.skolverket.se/skolenhetsregistret/v2/organizers/5565693297,true,
adelovsfriskola.se,enskild_huvudman,ADELÖVS FRISKOLEFÖRENING,skolverket_organizer_api,https://api.skolverket.se/skolenhetsregistret/v2/organizers/8024189154,true,
adventist.se,enskild_huvudman,EKEBYHOLMSSKOLAN AKTIEBOLAG,skolverket_organizer_api,https://api.skolverket.se/skolenhetsregistret/v2/organizers/5562512425,true,
agapenorrkoping.se,enskild_huvudman,Nyfo AB,skolverket_organizer_api,https://api.skolverket.se/skolenhetsregistret/v2/organizers/5567812291,true,
ahavaxthuset.se,enskild_huvudman,AHA UTBILDNING AB,skolverket_organizer_api,https://api.skolverket.se/skolenhetsregistret/v2/organizers/5566146956,true,
akademiskaskolan.se,enskild_huvudman,Frihab AB,skolverket_organizer_api,https://api.skolverket.se/skolenhetsregistret/v2/organizers/5569171936,false,
akersfriskola.se,enskild_huvudman,ÖSTERÅKERS FRISKOLA AB,skolverket_organizer_api,https://api.skolverket.se/skolenhetsregistret/v2/organizers/5565895777,true,
aktiviaskolan.se,enskild_huvudman,Aktivia AB,skolverket_organizer_api,https://api.skolverket.se/skolenhetsregistret/v2/organizers/5567812069,true,
alazharskolan.com,enskild_huvudman,STIFTELSEN FÖR BILDNING I SVERIGE,skolverket_organizer_api,https://api.skolverket.se/skolenhetsregistret/v2/organizers/8024044888,true,
albatross-montessori.se,enskild_huvudman,ALBATROSS MONTESSORISKOLA,skolverket_organizer_api,https://api.skolverket.se/skolenhetsregistret/v2/organizers/8136004168,true,
algebrautbildning.se,enskild_huvudman,ALGEBRAUTBILDNING FÖRENINGEN,skolverket_organizer_api,https://api.skolverket.se/skolenhetsregistret/v2/organizers/8024730445,true,
alghultsfriskola.se,enskild_huvudman,Fria 48:an Ekonomisk förening,skolverket_organizer_api,https://api.skolverket.se/skolenhetsregistret/v2/organizers/7696125579,true,
alingsasyg.se,enskild_huvudman,Alingsås Yrkesgymnasium AB,skolverket_organizer_api,https://api.skolverket.se/skolenhetsregistret/v2/organizers/5567290548,true,
allstaskola.se,enskild_huvudman,ALLSTABYGDENS SKOLFÖRENING,official_org_site,https://allstaskola.se/,true,confirmed_from_skolverket_missing_url_queue
almafolkhogskola.se,enskild_huvudman,ALMA FOLKHÖGSKOLEFÖRENING,skolverket_organizer_api,https://api.skolverket.se/skolenhetsregistret/v2/organizers/8152007533,true,
almarod.se,enskild_huvudman,ALMARÖD FRISKOLA AB,skolverket_organizer_api,https://api.skolverket.se/skolenhetsregistret/v2/organizers/5566096227,true,
almaskolan.org,enskild_huvudman,STIFTELSEN ALMASKOLAN,skolverket_organizer_api,https://api.skolverket.se/skolenhetsregistret/v2/organizers/8780017110,true,
almaskolan.se,enskild_huvudman,Almaskolan AB,skolverket_organizer_api,https://api.skolverket.se/skolenhetsregistret/v2/organizers/5569224610,false,
alphaskolan.se,enskild_huvudman,KUNSKAPSNAVET AB,skolverket_organizer_api,https://api.skolverket.se/skolenhetsregistret/v2/organizers/5565121570,true,
alsalamahskolan.com,enskild_huvudman,KULTURELLA FÖRENINGEN F VÄLGÖRANDE ÄNDAMÅL,skolverket_organizer_api,https://api.skolverket.se/skolenhetsregistret/v2/organizers/8460052155,true,
alvboda.se,enskild_huvudman,FRISKOLAN I SKUTSKÄR EKONOMISK FÖRENING,skolverket_organizer_api,https://api.skolverket.se/skolenhetsregistret/v2/organizers/7696039135,true,
alvdalen.com,enskild_huvudman,Älvdalens Utbildningscentrum AB,skolverket_organizer_api,https://api.skolverket.se/skolenhetsregistret/v2/organizers/5567759120,true,
alvkullen.se,enskild_huvudman,STIFTELSEN MONTESSORI FÖR ALLA BARN,skolverket_organizer_api,https://api.skolverket.se/skolenhetsregistret/v2/organizers/8533010537,true,
amadeo.se,enskild_huvudman,Amadeo Utbildning AB,skolverket_organizer_api,https://api.skolverket.se/skolenhetsregistret/v2/organizers/5592275316,true,
ambsweden.com,enskild_huvudman,Academy X Music and Business Vara AB,skolverket_organizer_api,https://api.skolverket.se/skolenhetsregistret/v2/organizers/5590489760,true,
americanschools.se,enskild_huvudman,American Education AB,skolverket_organizer_api,https://api.skolverket.se/skolenhetsregistret/v2/organizers/5591364905,true,
amerikanskagymnasiet.se,enskild_huvudman,Amerikanska Gymnasiet i Sverige AB,skolverket_organizer_api,https://api.skolverket.se/skolenhetsregistret/v2/organizers/5590415591,true,
anfs.se,enskild_huvudman,IDEELLA FÖRENINGEN FÖR ALLA NATIONERS FRIA SKOLA,skolverket_organizer_api,https://api.skolverket.se/skolenhetsregistret/v2/organizers/8024093869,true,
angdalaskolor.se,enskild_huvudman,ÄNGDALA SKOLOR AB,skolverket_organizer_api,https://api.skolverket.se/skolenhetsregistret/v2/organizers/5565279931,true,
angkarrskolan.se,enskild_huvudman,STIFTELSEN NYA ÄNGKÄRRSSKOLAN,skolverket_organizer_api,https://api.skolverket.se/skolenhetsregistret/v2/organizers/8020174069,true,
angsdals.se,enskild_huvudman,Ängsdals skolor AB,skolverket_organizer_api,https://api.skolverket.se/skolenhetsregistret/v2/organizers/5564800836,true,
aniaragymnasiet.se,enskild_huvudman,AF AFFÄRSEFFEKT FRAMTIDSSKOLA AB,skolverket_organizer_api,https://api.skolverket.se/skolenhetsregistret/v2/organizers/5566666789,true,
annaskolan.se,enskild_huvudman,STIFTELSEN ANNASKOLAN,skolverket_organizer_api,https://api.skolverket.se/skolenhetsregistret/v2/organizers/8820007485,true,
ansgarskolorna.se,enskild_huvudman,Banérskolan AB,official_org_site,https://ansgarskolorna.se/,true,confirmed_from_skolverket_missing_url_queue;school_unit=Banérskolan(AKTIV)
antistilla.se,enskild_huvudman,ANTISTILLA AB,skolverket_organizer_api,https://api.skolverket.se/skolenhetsregistret/v2/organizers/5566229851,true,
antonutbildning.com,enskild_huvudman,Slutplattan DYXJO 98297 AB,skolverket_organizer_api,https://api.skolverket.se/skolenhetsregistret/v2/organizers/5568052004,false,
antonutbildning.se,enskild_huvudman,Anton Utbildning AB,skolverket_organizer_api,https://api.skolverket.se/skolenhetsregistret/v2/organizers/5566024906,true,
apolloniosskolan.se,enskild_huvudman,Apolloniosskolan AB,skolverket_organizer_api,https://api.skolverket.se/skolenhetsregistret/v2/organizers/5591043798,true,
aprendere.se,enskild_huvudman,MOV Gymnasieskolor AB,skolverket_organizer_api,https://api.skolverket.se/skolenhetsregistret/v2/organizers/5563836757,true,
arbsweden.com,enskild_huvudman,Academy X Economy and Business Kristianstad AB,skolverket_organizer_api,https://api.skolverket.se/skolenhetsregistret/v2/organizers/5569863433,true,
arstagard.se,enskild_huvudman,STIFTELSEN ÅRSTA GÅRD,skolverket_organizer_api,https://api.skolverket.se/skolenhetsregistret/v2/organizers/8020177427,true,
arydsfriskola.se,enskild_huvudman,ÅRYDS FRISKOLA,skolverket_organizer_api,https://api.skolverket.se/skolenhetsregistret/v2/organizers/8024419700,true,
aslefriskola.se,enskild_huvudman,Åsle Friskola ekonomisk förening,skolverket_organizer_api,https://api.skolverket.se/skolenhetsregistret/v2/organizers/7696361646,true,
aspenmontessori.se,enskild_huvudman,ASPEN MONTESSORI,skolverket_organizer_api,https://api.skolverket.se/skolenhetsregistret/v2/organizers/8635005500,true,
aspero.nu,enskild_huvudman,ASPERO FRISKOLOR AB,skolverket_organizer_api,https://api.skolverket.se/skolenhetsregistret/v2/organizers/5566363973,true,
assaredsskolan.se,enskild_huvudman,ASSAREDS SKOLKOOPERATIV EK FÖR.,skolverket_organizer_api,https://api.skolverket.se/skolenhetsregistret/v2/organizers/7164451390,true,
atletica.nu,enskild_huvudman,Tibble Campus Kista AB,skolverket_organizer_api,https://api.skolverket.se/skolenhetsregistret/v2/organizers/5567799035,true,
aventyret.net,enskild_huvudman,STIFTELSEN ÄVENTYRET,skolverket_organizer_api,https://api.skolverket.se/skolenhetsregistret/v2/organizers/8024262159,true,
awpe.se,enskild_huvudman,salvare education AB,skolverket_organizer_api,https://api.skolverket.se/skolenhetsregistret/v2/organizers/5568080542,true,
axbschools.com,enskild_huvudman,Academy X Music and Business Tingsryd AB,skolverket_organizer_api,https://api.skolverket.se/skolenhetsregistret/v2/organizers/5568792997,true,
backaforsskolan.se,enskild_huvudman,Bäckaforsskolan i Ljungskile AB,official_org_site,https://www.backaforsskolan.se/,true,confirmed_from_skolverket_missing_url_queue;school_unit=Bäckaforsskolan(AKTIV)
backafriskola.se,enskild_huvudman,Nyed Friskola Ekonomisk förening,skolverket_organizer_api,https://api.skolverket.se/skolenhetsregistret/v2/organizers/7696278477,true,
backaskolan.se,enskild_huvudman,FÖRENINGEN BACKASKOLAN,skolverket_organizer_api,https://api.skolverket.se/skolenhetsregistret/v2/organizers/8465001777,true,
backeboskolan.se,enskild_huvudman,Backeboskolan ekonomisk förening,skolverket_organizer_api,https://api.skolverket.se/skolenhetsregistret/v2/organizers/7164221470,true,
baldershus.com,enskild_huvudman,Balders hus AB,skolverket_organizer_api,https://api.skolverket.se/skolenhetsregistret/v2/organizers/5567283899,false,
banerporten.se,enskild_huvudman,BANÉRPORTSSKOLAN AB,skolverket_organizer_api,https://api.skolverket.se/skolenhetsregistret/v2/organizers/5566064001,true,
banerskolan.se,enskild_huvudman,STIFTELSEN SEGERBANERET,skolverket_organizer_api,https://api.skolverket.se/skolenhetsregistret/v2/organizers/8832014776,false,
barsebacks-montessori.se,enskild_huvudman,BARSEBÄCKS MONTESSORI EKONOMISK FÖRENING,skolverket_organizer_api,https://api.skolverket.se/skolenhetsregistret/v2/organizers/7696006191,true,
bastadmontessori.se,enskild_huvudman,BÅSTAD MONTESSORI EKONOMISK FÖRENING,skolverket_organizer_api,https://api.skolverket.se/skolenhetsregistret/v2/organizers/7164367695,true,
batbacken.se,enskild_huvudman,Båtbackens Friskola ekonomisk förening,skolverket_organizer_api,https://api.skolverket.se/skolenhetsregistret/v2/organizers/7696151641,true,
bellevueskolan.se,enskild_huvudman,BELLEVUESKOLAN AKTIEBOLAG,skolverket_organizer_api,https://api.skolverket.se/skolenhetsregistret/v2/organizers/5565686135,false,
bergatrollet.nu,enskild_huvudman,FÖRÄLDRAKOOPERATIVET BERGATROLLET,skolverket_organizer_api,https://api.skolverket.se/skolenhetsregistret/v2/organizers/8728003826,true,
bergsundsskolan.se,enskild_huvudman,AXEDINSKOLAN AKTIEBOLAG,official_org_site,https://www.bergsundsskolan.com/,true,confirmed_from_skolverket_missing_url_queue
betaschool.eu,enskild_huvudman,Betaschool Handelsbolag,skolverket_organizer_api,https://api.skolverket.se/skolenhetsregistret/v2/organizers/9697195593,false,
betelskolan.nu,enskild_huvudman,BETELFÖRSAMLINGENS SKOLSTIFTELSE,skolverket_organizer_api,https://api.skolverket.se/skolenhetsregistret/v2/organizers/8024250972,true,
beut.se,enskild_huvudman,Bergstrands Gymnasium AB,skolverket_organizer_api,https://api.skolverket.se/skolenhetsregistret/v2/organizers/5566753736,true,
binomen.org,enskild_huvudman,FÖRENINGEN BARNENS BÄSTA,skolverket_organizer_api,https://api.skolverket.se/skolenhetsregistret/v2/organizers/8124012371,true,
birgerjarls.se,enskild_huvudman,Birger Jarls Gymnasium AB,official_org_site,https://birgerjarls.se/,true,confirmed_from_skolverket_missing_url_queue
birkaskolan.se,enskild_huvudman,"MÄLARÖARNAS MONTESSORI, EK. FÖR.",skolverket_organizer_api,https://api.skolverket.se/skolenhetsregistret/v2/organizers/7696032353,true,
bissstockholm.se,enskild_huvudman,STIFTELSEN BORGEN 2 - BRITISH INTERNATIONAL SCHOOL STOCKHOLM,skolverket_organizer_api,https://api.skolverket.se/skolenhetsregistret/v2/organizers/8024777289,true,
bjorklidensgymnasium.com,enskild_huvudman,Fredens liljor AB,skolverket_organizer_api,https://api.skolverket.se/skolenhetsregistret/v2/organizers/5566446711,false,
bjorkofriskola.se,enskild_huvudman,STIFTELSEN WALDORFPEDAGOGIK I VRETA KLOSTER,skolverket_organizer_api,https://api.skolverket.se/skolenhetsregistret/v2/organizers/8220027596,true,
bjorkskolan.se,enskild_huvudman,SKOLFÖRENINGEN VÄXA,skolverket_organizer_api,https://api.skolverket.se/skolenhetsregistret/v2/organizers/8947021443,true,
bladins.se,enskild_huvudman,"BLADINS SKOLA, STIFTELSEN",skolverket_organizer_api,https://api.skolverket.se/skolenhetsregistret/v2/organizers/8460010948,true,
blaklockan.se,enskild_huvudman,FÖRÄLDRAKOOPERATIVET BLÅKLOCKAN I BONÄS EK FÖREN,skolverket_organizer_api,https://api.skolverket.se/skolenhetsregistret/v2/organizers/7164570173,true,
blomenbergska.se,enskild_huvudman,Blomenbergska skolan AB,skolverket_organizer_api,https://api.skolverket.se/skolenhetsregistret/v2/organizers/5568737091,true,
bma.nu,enskild_huvudman,BARNENS MONTESSORIAKADEMI ÖSTERMALM AB,skolverket_organizer_api,https://api.skolverket.se/skolenhetsregistret/v2/organizers/5565075586,true,
bmsl.se,enskild_huvudman,STIFTELSEN BMSL,skolverket_organizer_api,https://api.skolverket.se/skolenhetsregistret/v2/organizers/8024781158,true,
bobygda.se,enskild_huvudman,BOBYGDENS OMSORG OCH SERVICE EKONOMISK FÖRENING,skolverket_organizer_api,https://api.skolverket.se/skolenhetsregistret/v2/organizers/7696032346,false,original_url=http://fsk.bobygda.se/
bobygdaskola.se,enskild_huvudman,BOBYGDENS FRAMTID EKONOMISK FÖRENING,skolverket_organizer_api,https://api.skolverket.se/skolenhetsregistret/v2/organizers/7164586617,true,
bodbysund.se,enskild_huvudman,BODBYSUNDS MILJÖSKOLAS EKONOMISKA FÖRENING,skolverket_organizer_api,https://api.skolverket.se/skolenhetsregistret/v2/organizers/7696017685,true,
bolebyskola.se,enskild_huvudman,BÖLE BYSKOLA AB,skolverket_organizer_api,https://api.skolverket.se/skolenhetsregistret/v2/organizers/5566304613,true,
bollerup.se,enskild_huvudman,BOLLERUPS LANTBRUKSINSTITUT,skolverket_organizer_api,https://api.skolverket.se/skolenhetsregistret/v2/organizers/8388001177,true,
bornsfriskola.se,enskild_huvudman,FÖRÄLDRAKOOPERATIVET BORNS SKOLA EK.FÖRENING,skolverket_organizer_api,https://api.skolverket.se/skolenhetsregistret/v2/organizers/7164531886,true,
boskolan.se,enskild_huvudman,BÖSKOLANS FRISKOLA EK.FÖR.,skolverket_organizer_api,https://api.skolverket.se/skolenhetsregistret/v2/organizers/7164451473,true,
botfri.se,enskild_huvudman,JPK Education AB,skolverket_organizer_api,https://api.skolverket.se/skolenhetsregistret/v2/organizers/5564944063,true,
brandstromska.se,enskild_huvudman,STIFTELSEN FÖR KRISTEN SKOLVERKSAMHET,skolverket_organizer_api,https://api.skolverket.se/skolenhetsregistret/v2/organizers/8572054065,true,
britishschools.se,enskild_huvudman,British Schools AB,skolverket_organizer_email,https://api.skolverket.se/skolenhetsregistret/v2/organizers/5567516389,true,"confirmed_from_skolverket_missing_url_queue;school_units=British Junior Primary, Eskilstuna(AKTIV)|British Junior Secondary, Eskilstuna(AKTIV)"
broholmskolan.se,enskild_huvudman,Broholm Education AB,official_org_site,https://broholmskolan.se/,true,confirmed_from_skolverket_missing_url_queue
brommaenskilda.se,enskild_huvudman,Bromma Enskilda Skola ekonomisk förening,skolverket_organizer_api,https://api.skolverket.se/skolenhetsregistret/v2/organizers/7696001366,true,
broskolan.se,enskild_huvudman,Broskolan AB,skolverket_organizer_api,https://api.skolverket.se/skolenhetsregistret/v2/organizers/5567091391,true,
brovalvet.se,enskild_huvudman,FRISKOLAN BROVALVET AKTIEBOLAG,skolverket_organizer_api,https://api.skolverket.se/skolenhetsregistret/v2/organizers/5564329315,false,
brunnbyskola.se,enskild_huvudman,BRUNNBY SKOLA M-I HANDELSBOLAG,skolverket_organizer_api,https://api.skolverket.se/skolenhetsregistret/v2/organizers/9167744359,true,
bryggerietsgymnasium.se,enskild_huvudman,BRYGGERIETS BILDNINGS BYRÅ (BBB),skolverket_organizer_api,https://api.skolverket.se/skolenhetsregistret/v2/organizers/8465017070,true,
bultenfritids.se,enskild_huvudman,EK FÖRENING FÖRÄLDRAKOOPERATIVET BULTEN,skolverket_organizer_api,https://api.skolverket.se/skolenhetsregistret/v2/organizers/7164056876,true,
bya.se,enskild_huvudman,Säkerhetsgymnasiet i Stockholm AB,skolverket_organizer_api,https://api.skolverket.se/skolenhetsregistret/v2/organizers/5567551386,true,
byangsskolan.se,enskild_huvudman,Byängsskolan AB,skolverket_organizer_api,https://api.skolverket.se/skolenhetsregistret/v2/organizers/5567563316,true,
båktorp.se,enskild_huvudman,Båktorp AB,skolverket_organizer_api,https://api.skolverket.se/skolenhetsregistret/v2/organizers/5564834363,true,
campeon.se,enskild_huvudman,CAMPEON FRIGYMNASIUM AB,skolverket_organizer_api,https://api.skolverket.se/skolenhetsregistret/v2/organizers/5566264056,true,
campusmanilla.se,enskild_huvudman,Campus Manilla Utbildning AB,skolverket_organizer_api,https://api.skolverket.se/skolenhetsregistret/v2/organizers/5568834765,true,
caremore.se,enskild_huvudman,Viljan Vård och Behandling AB,skolverket_organizer_api,https://api.skolverket.se/skolenhetsregistret/v2/organizers/5564997319,true,
carlgrenska.se,enskild_huvudman,STOCKHOLMS FRIA WALDORFGYMNASIUM,skolverket_organizer_api,https://api.skolverket.se/skolenhetsregistret/v2/organizers/8024530647,false,
carlssonsskola.se,enskild_huvudman,FÖRENINGEN FÖR CARLSSONS SKOLA,skolverket_organizer_api,https://api.skolverket.se/skolenhetsregistret/v2/organizers/8020058270,true,
carlwahren.com,enskild_huvudman,C W Education AB,skolverket_organizer_api,https://api.skolverket.se/skolenhetsregistret/v2/organizers/5568027378,true,
casagbg.se,enskild_huvudman,STIFTELSEN CASA DEI BAMBINI,skolverket_organizer_api,https://api.skolverket.se/skolenhetsregistret/v2/organizers/8520004261,true,
casamontessori.se,enskild_huvudman,MONTESSORISTIFTELSEN I PARTILLE,skolverket_organizer_api,https://api.skolverket.se/skolenhetsregistret/v2/organizers/8572054610,true,
centrina.se,enskild_huvudman,Vindseglet AB,skolverket_organizer_api,https://api.skolverket.se/skolenhetsregistret/v2/organizers/5567572234,true,
centrumskolan.se,enskild_huvudman,CENTRUMSKOLAN I HELSINGBORG AKTIEBOLAG,skolverket_organizer_api,https://api.skolverket.se/skolenhetsregistret/v2/organizers/5564575628,true,
centuriaskolan.se,enskild_huvudman,021 Skol AB,skolverket_organizer_api,https://api.skolverket.se/skolenhetsregistret/v2/organizers/5568373228,true,
christinagymnasiet.se,enskild_huvudman,Lidingö Gymnasium AB,skolverket_organizer_api,https://api.skolverket.se/skolenhetsregistret/v2/organizers/5592340474,true,
christinaskolan.se,enskild_huvudman,Lidingö Skola AB,skolverket_organizer_api,https://api.skolverket.se/skolenhetsregistret/v2/organizers/5568681810,true,
cis.se,enskild_huvudman,CIS KALMAR AB,skolverket_organizer_api,https://api.skolverket.se/skolenhetsregistret/v2/organizers/5565896213,true,
citygymnasiet.com,enskild_huvudman,Västerås Citygymnasium AB,skolverket_organizer_api,https://api.skolverket.se/skolenhetsregistret/v2/organizers/5567503890,false,
cng.se,enskild_huvudman,CURT NICOLIN GYMNASIET AB,skolverket_organizer_api,https://api.skolverket.se/skolenhetsregistret/v2/organizers/5566431044,true,
communityskolan.se,enskild_huvudman,RM Bildning AB,skolverket_organizer_api,https://api.skolverket.se/skolenhetsregistret/v2/organizers/5591946909,true,
consensum.se,enskild_huvudman,Consensum Lund AB,skolverket_organizer_email,https://api.skolverket.se/skolenhetsregistret/v2/organizers/5566023684,true,confirmed_from_skolverket_missing_url_queue;school_unit=Realgymnasiet Lund 2(AKTIV);official_domain_in_skolverket_email
cordobaskolan.se,enskild_huvudman,ALM Education AB,skolverket_organizer_api,https://api.skolverket.se/skolenhetsregistret/v2/organizers/5566344270,true,
culturagymnasium.se,enskild_huvudman,Cultura Utbildning AB,skolverket_organizer_api,https://api.skolverket.se/skolenhetsregistret/v2/organizers/5567127237,true,
cybergymnasiet.se,enskild_huvudman,Cybergymnasiet Stockholm AB,skolverket_organizer_api,https://api.skolverket.se/skolenhetsregistret/v2/organizers/5565547964,true,
dalbacken.se,enskild_huvudman,Dalbackens Friskola Ekonomisk förening,skolverket_organizer_api,https://api.skolverket.se/skolenhetsregistret/v2/organizers/7696273411,true,
dalbysandbymontessori.se,enskild_huvudman,DALBY OCH SÖDRA SANDBY MONTESSORIFÖRENING EK FÖR,skolverket_organizer_api,https://api.skolverket.se/skolenhetsregistret/v2/organizers/7696010151,true,
dansomusikal.se,enskild_huvudman,Dans o Musikal i Lund AB,skolverket_organizer_api,https://api.skolverket.se/skolenhetsregistret/v2/organizers/5566981766,true,
davinciskolan.com,enskild_huvudman,DAVI SKOLAN AKTIEBOLAG,skolverket_organizer_api,https://api.skolverket.se/skolenhetsregistret/v2/organizers/5565315610,true,
delsbowaldorfskola.se,enskild_huvudman,SKOLFÖRENINGEN DELSBO WALDORFSKOLA,skolverket_organizer_api,https://api.skolverket.se/skolenhetsregistret/v2/organizers/8875007158,true,
deltaskolan.se,enskild_huvudman,Deltaskolan AB,skolverket_organizer_api,https://api.skolverket.se/skolenhetsregistret/v2/organizers/5568658545,true,
designgymnasiet.se,enskild_huvudman,Designgymnasiet i Sverige AB,skolverket_organizer_api,https://api.skolverket.se/skolenhetsregistret/v2/organizers/5569320681,true,
dillegard.se,enskild_huvudman,DILLE GÅRD AB,skolverket_organizer_api,https://api.skolverket.se/skolenhetsregistret/v2/organizers/5564173853,true,
distra.se,enskild_huvudman,DISTRA UTBILDNINGS CENTER AB,skolverket_organizer_api,https://api.skolverket.se/skolenhetsregistret/v2/organizers/5566064209,true,
distraresursskolor.se,enskild_huvudman,DISTANS STRATEG SWEDEN AB,skolverket_organizer_api,https://api.skolverket.se/skolenhetsregistret/v2/organizers/5565833562,true,
djurgardsskolan.se,enskild_huvudman,STIFTELSEN DJURGÅRDSSKOLAN,skolverket_organizer_api,https://api.skolverket.se/skolenhetsregistret/v2/organizers/8020175769,true,
djurgymnasiet.com,enskild_huvudman,ANIMALLOGOS AB,skolverket_organizer_api,https://api.skolverket.se/skolenhetsregistret/v2/organizers/5566205455,true,
dmskola.se,enskild_huvudman,DANDERYDS MONTESSORISKOLA AKTIEBOLAG,skolverket_organizer_api,https://api.skolverket.se/skolenhetsregistret/v2/organizers/5564825577,false,
dockstafriskola.se,enskild_huvudman,DOCKSTA FRISKOLA Ekonomisk förening,official_org_site,https://dockstafriskola.se/,true,confirmed_from_skolverket_missing_url_queue
donnergymnasiet.se,enskild_huvudman,Donnergymnasiet AB,skolverket_organizer_api,https://api.skolverket.se/skolenhetsregistret/v2/organizers/5565408381,true,
dormsjoskolan.com,enskild_huvudman,AB Dormsjöskolan,skolverket_organizer_api,https://api.skolverket.se/skolenhetsregistret/v2/organizers/5567692081,true,
drakbergsskolan.se,enskild_huvudman,KANNEBÄCKS FRISKOLEFÖRENING,skolverket_organizer_api,https://api.skolverket.se/skolenhetsregistret/v2/organizers/8572069568,true,
drottningholmskolan.se,enskild_huvudman,"DROTTNINGHOLMSKOLAN, MÄLARÖARNAS WALDORFSKOLA",skolverket_organizer_api,https://api.skolverket.se/skolenhetsregistret/v2/organizers/8152013010,true,
dunkersskola.se,enskild_huvudman,STIFTELSEN DUNKERS SKOLA,skolverket_organizer_api,https://api.skolverket.se/skolenhetsregistret/v2/organizers/8185013722,true,
ebbabrahegymnasium.se,enskild_huvudman,Ebba Braheskolan AB,skolverket_organizer_api,https://api.skolverket.se/skolenhetsregistret/v2/organizers/5590468624,true,original_url=www.ebbabraheskolan.se & www.ebbabrahegymnasium.se
ebbapettersson.se,enskild_huvudman,EBBA PETTERSSONS PRIVATSKOLAS STIFTELSE,skolverket_organizer_api,https://api.skolverket.se/skolenhetsregistret/v2/organizers/8572022369,true,
edenskola.se,enskild_huvudman,"Edens skola, ekonomisk förening",skolverket_organizer_api,https://api.skolverket.se/skolenhetsregistret/v2/organizers/7696009039,true,
edenskolan.se,enskild_huvudman,STIFTELSEN BOLLNÄS BIBELCENTER,skolverket_organizer_api,https://api.skolverket.se/skolenhetsregistret/v2/organizers/8865009610,true,
edessaskolan.se,enskild_huvudman,STIFTELSEN BAR HEBREUS,skolverket_organizer_api,https://api.skolverket.se/skolenhetsregistret/v2/organizers/8024242391,true,
edselefriskola.se,enskild_huvudman,"Medborgarkooperativet Edsele Friskola, Ekonomisk förening",skolverket_organizer_api,https://api.skolverket.se/skolenhetsregistret/v2/organizers/7696031058,false,
edsleskogsfriskola.se,enskild_huvudman,FÖRENINGEN EDSLESKOGS FRISKOLA,skolverket_organizer_api,https://api.skolverket.se/skolenhetsregistret/v2/organizers/8024439062,true,
ekebyskola.se,enskild_huvudman,SUNNE FRISKOLEFÖRENING,skolverket_organizer_api,https://api.skolverket.se/skolenhetsregistret/v2/organizers/8740013381,true,
eketangamontessori.se,enskild_huvudman,IDEELLA FÖRENINGEN EKETÅNGA MONTESSORISKOLA,skolverket_organizer_api,https://api.skolverket.se/skolenhetsregistret/v2/organizers/8492017143,true,
ekgarden.se,enskild_huvudman,RUDOLF STEINER STIFTELSEN FÖR LÄKEPEDAGOGIK,skolverket_organizer_api,https://api.skolverket.se/skolenhetsregistret/v2/organizers/8156005509,true,
ekoskolan.se,enskild_huvudman,FÖRENINGEN VÄSTRA EKOSKOLAN,skolverket_organizer_api,https://api.skolverket.se/skolenhetsregistret/v2/organizers/8124010839,true,
eks.se,enskild_huvudman,STIFTELSEN ELLEN KEY SKOLAN,skolverket_organizer_api,https://api.skolverket.se/skolenhetsregistret/v2/organizers/8152007970,true,
elektrikergymnasiet.se,enskild_huvudman,Stockholms El-utbildning AB,skolverket_organizer_api,https://api.skolverket.se/skolenhetsregistret/v2/organizers/5566814801,true,
elevverket.se,enskild_huvudman,DANDERYDS ENSKILDA SKOLA AKTIEBOLAG,skolverket_organizer_api,https://api.skolverket.se/skolenhetsregistret/v2/organizers/5563210706,true,
elmaschool.se,enskild_huvudman,English School Scandinavia AB,skolverket_organizer_api,https://api.skolverket.se/skolenhetsregistret/v2/organizers/5566531421,false,
emiliaskolan.nu,enskild_huvudman,FÖRENINGEN EMILIASKOLAN,skolverket_organizer_api,https://api.skolverket.se/skolenhetsregistret/v2/organizers/8420007984,true,
energigymnasiet.se,enskild_huvudman,Energy Technology Sweden AB,skolverket_organizer_api,https://api.skolverket.se/skolenhetsregistret/v2/organizers/5567246243,false,
engelska.se,enskild_huvudman,Internationella Engelska Skolan i Sverige AB,skolverket_organizer_api,https://api.skolverket.se/skolenhetsregistret/v2/organizers/5564624368,true,
enskildagrund.se,enskild_huvudman,Nyköpings Enskilda Grundskola AB,skolverket_organizer_api,https://api.skolverket.se/skolenhetsregistret/v2/organizers/5590689559,true,
enskildagymnasiet.se,enskild_huvudman,ENSKILDA GYMNASIET,skolverket_organizer_api,https://api.skolverket.se/skolenhetsregistret/v2/organizers/8020126531,true,
entreskolan.se,enskild_huvudman,AmiSgo AB,skolverket_organizer_api,https://api.skolverket.se/skolenhetsregistret/v2/organizers/5568148117,true,
erk.se,enskild_huvudman,STIFTELSEN SVERIGEFINSKA SKOLAN I E-TUNA /ERK/,skolverket_organizer_api,https://api.skolverket.se/skolenhetsregistret/v2/organizers/8180013396,true,
esn.se,enskild_huvudman,Engelska Skolor och Förskolor i Sverige AB,skolverket_organizer_api,https://api.skolverket.se/skolenhetsregistret/v2/organizers/5565699302,true,
estetiska.se,enskild_huvudman,STOCKHOLMS ESTETISKA GYMNASIUM EK. FÖR.,skolverket_organizer_api,https://api.skolverket.se/skolenhetsregistret/v2/organizers/7696029995,true,
estetiskaskolan.se,enskild_huvudman,ESTETISKA SKOLAN ARVIKA,skolverket_organizer_api,https://api.skolverket.se/skolenhetsregistret/v2/organizers/8740020212,true,
estniskaskolan.se,enskild_huvudman,ESTNISKA SKOLAN I STOCKHOLM,skolverket_organizer_api,https://api.skolverket.se/skolenhetsregistret/v2/organizers/8020058908,true,
etecteknikutbildning.se,enskild_huvudman,Etec Teknikutbildning AB,skolverket_organizer_api,https://api.skolverket.se/skolenhetsregistret/v2/organizers/5562216027,true,
europaporten.nu,enskild_huvudman,Europaportens Skolor AB,skolverket_organizer_api,https://api.skolverket.se/skolenhetsregistret/v2/organizers/5568350572,true,
europaskolan.se,enskild_huvudman,Europaskolan Vårfruberga AB,official_org_site,https://europaskolan.se/,true,confirmed_from_skolverket_missing_url_queue;school_unit=Vårfruberga friskola(AKTIV)
eviagruppen.se,enskild_huvudman,Evia Utveckling AB,skolverket_organizer_api,https://api.skolverket.se/skolenhetsregistret/v2/organizers/5567379093,true,
exceleducation.se,enskild_huvudman,Profilfriskolan Excel AB (svb),skolverket_organizer_api,https://api.skolverket.se/skolenhetsregistret/v2/organizers/5590306964,true,
facebook.com,enskild_huvudman,LILLA NACKA AB,skolverket_organizer_api,https://api.skolverket.se/skolenhetsregistret/v2/organizers/5568963564,true,
falufri.se,enskild_huvudman,FALU FRIGYMNASIUM AKTIEBOLAG,skolverket_organizer_api,https://api.skolverket.se/skolenhetsregistret/v2/organizers/5566112834,true,
famn.se,enskild_huvudman,Famn AB,skolverket_organizer_api,https://api.skolverket.se/skolenhetsregistret/v2/organizers/5566207113,true,
fare.se,enskild_huvudman,Skolföreningen Växthuset Ekonomisk förening,skolverket_organizer_api,https://api.skolverket.se/skolenhetsregistret/v2/organizers/7696004154,true,
filosofiska.nu,enskild_huvudman,Filosofiska i Sverige AB (svb),skolverket_organizer_api,https://api.skolverket.se/skolenhetsregistret/v2/organizers/5568674252,true,
fjarilensskola.se,enskild_huvudman,Slutplattan FOTIV 108906 AB,skolverket_organizer_api,https://api.skolverket.se/skolenhetsregistret/v2/organizers/5591467666,false,
flenskristnaskola.se,enskild_huvudman,Flens Kristna Skola AB,skolverket_organizer_api,https://api.skolverket.se/skolenhetsregistret/v2/organizers/5568505191,true,
floristutbildning.se,enskild_huvudman,Munkeröds Hotell och Matsal AB,skolverket_organizer_api,https://api.skolverket.se/skolenhetsregistret/v2/organizers/5562067495,true,
flyinge.se,enskild_huvudman,FLYINGE AKTIEBOLAG,skolverket_organizer_api,https://api.skolverket.se/skolenhetsregistret/v2/organizers/5563792927,true,
fogdarod.se,enskild_huvudman,"Föreningen Fogdaröd omsorg, vård & skola upa ek. för.",skolverket_organizer_api,https://api.skolverket.se/skolenhetsregistret/v2/organizers/7420002045,true,
forshagaakademin.se,enskild_huvudman,ForshagaAkademin AB,skolverket_organizer_api,https://api.skolverket.se/skolenhetsregistret/v2/organizers/5566205737,true,
forskolenatet.se,enskild_huvudman,FÖRSKOLENÄTET AKTIEBOLAG,skolverket_organizer_api,https://api.skolverket.se/skolenhetsregistret/v2/organizers/5564802956,true,
forsviksfriskola.nu,enskild_huvudman,FORSVIKS FRISKOLA,skolverket_organizer_api,https://api.skolverket.se/skolenhetsregistret/v2/organizers/8655010661,true,
framtidensforskolor.se,enskild_huvudman,Framtidens Skolor i Västernorrland AB,skolverket_organizer_api,https://api.skolverket.se/skolenhetsregistret/v2/organizers/5569992224,false,
framtidskompassen.se,enskild_huvudman,FRAMTIDSKOMPASSEN AB,skolverket_organizer_api,https://api.skolverket.se/skolenhetsregistret/v2/organizers/5567865943,true,
franskaskolan.se,enskild_huvudman,STIFTELSEN FRANSKA SKOLAN,skolverket_organizer_api,https://api.skolverket.se/skolenhetsregistret/v2/organizers/8020061530,true,
fredkullaskolan.se,enskild_huvudman,FÖRENINGEN FÖR WALDORFPEDAGOGIK I KUNGÄLV,skolverket_organizer_api,https://api.skolverket.se/skolenhetsregistret/v2/organizers/8533007038,true,
fredrikshov.se,enskild_huvudman,STIFTELSEN CARPE DIEM,skolverket_organizer_api,https://api.skolverket.se/skolenhetsregistret/v2/organizers/8020178060,true,
fredsbergsskola.se,enskild_huvudman,Fredsbergs Friskola ekonomisk förening,skolverket_organizer_api,https://api.skolverket.se/skolenhetsregistret/v2/organizers/7696207443,true,
fredsborgskolan.se,enskild_huvudman,Fredsborgskolan AB,skolverket_organizer_api,https://api.skolverket.se/skolenhetsregistret/v2/organizers/5567317416,true,
fredsduvan.com,enskild_huvudman,MONTESSORISKOLAN FREDSDUVAN AKTIEBOLAG,skolverket_organizer_api,https://api.skolverket.se/skolenhetsregistret/v2/organizers/5564625308,true,
freinetskolan.se,enskild_huvudman,"FREINETSKOLAN I LUND,IDEELL FÖRENING",skolverket_organizer_api,https://api.skolverket.se/skolenhetsregistret/v2/organizers/8450030203,true,
freinetskolanhugin.se,enskild_huvudman,Freinetskolan Hugin Ekonomisk förening,skolverket_organizer_api,https://api.skolverket.se/skolenhetsregistret/v2/organizers/7696188189,true,
friaemilia.se,enskild_huvudman,Friskola Fria Emilia Boden ekonomisk förening,skolverket_organizer_api,https://api.skolverket.se/skolenhetsregistret/v2/organizers/7696083455,true,
friamaria.com,enskild_huvudman,FRISKOLAN FRIA MARIA BARNSKOLA EK. FÖR.,skolverket_organizer_api,https://api.skolverket.se/skolenhetsregistret/v2/organizers/7696057079,true,
friaskolan.se,enskild_huvudman,PERSONAL- OCH FÖRÄLDRAKOOPERATIVET SKARPNÄCKS FR,skolverket_organizer_api,https://api.skolverket.se/skolenhetsregistret/v2/organizers/7696021463,false,
fridaskolan.se,enskild_huvudman,Fridaskolorna AB,skolverket_organizer_api,https://api.skolverket.se/skolenhetsregistret/v2/organizers/5564515988,true,
fridhemsskolan.se,enskild_huvudman,FRIDHEMS FRISKOLAS EKONOMISKA FÖRENING,skolverket_organizer_api,https://api.skolverket.se/skolenhetsregistret/v2/organizers/7696014781,true,
friluftsgymnasiet.se,enskild_huvudman,Energy Outdoor Sweden AB,skolverket_organizer_api,https://api.skolverket.se/skolenhetsregistret/v2/organizers/5568111198,false,
friskola.info,enskild_huvudman,NATIONELLT SPRÅKUTVECKLINGSCENTER I OXELÖSUND AB,skolverket_organizer_api,https://api.skolverket.se/skolenhetsregistret/v2/organizers/5564948403,true,
friskola.nu,enskild_huvudman,SÖDERTÖRNS FRISKOLA EKONOMISK FÖRENING,skolverket_organizer_api,https://api.skolverket.se/skolenhetsregistret/v2/organizers/7696004238,true,
friskolan.nu,enskild_huvudman,MONA HURTIG SKOL AB,skolverket_organizer_api,https://api.skolverket.se/skolenhetsregistret/v2/organizers/5565204129,true,
friskolanasken.se,enskild_huvudman,Friskolan Asken Aktiebolag,skolverket_organizer_api,https://api.skolverket.se/skolenhetsregistret/v2/organizers/5567481071,true,
friskolanboken.se,enskild_huvudman,Ciconias Ekonomisk förening,skolverket_organizer_api,https://api.skolverket.se/skolenhetsregistret/v2/organizers/7696141428,true,
friskolanhastens.se,enskild_huvudman,Friskolan och Fritidshemmet Hästens AB,skolverket_organizer_api,https://api.skolverket.se/skolenhetsregistret/v2/organizers/5565858536,true,
friskolankarlavagnen.se,enskild_huvudman,FRISKOLAN K-V EKONOMISK FÖRENING,skolverket_organizer_api,https://api.skolverket.se/skolenhetsregistret/v2/organizers/7696096416,true,
friskolanmetis.com,enskild_huvudman,LÄROCENTRUM I SKARA EKONOMISK FÖRENING,skolverket_organizer_api,https://api.skolverket.se/skolenhetsregistret/v2/organizers/7696068381,true,
friskolanmosaik.se,enskild_huvudman,Friskolan Mosaik i Falun ekonomisk förening,skolverket_organizer_api,https://api.skolverket.se/skolenhetsregistret/v2/organizers/7696149751,true,
friskolanvg.se,enskild_huvudman,FRISKOLAN VINTERGATAN EKONOMISK FÖRENING,skolverket_organizer_api,https://api.skolverket.se/skolenhetsregistret/v2/organizers/7696065718,true,
fryshuset.se,enskild_huvudman,STIFTELSEN FRYSHUSET,skolverket_organizer_api,https://api.skolverket.se/skolenhetsregistret/v2/organizers/8020111582,true,
fryx.se,enskild_huvudman,STIFTELSEN FRYX,skolverket_organizer_api,https://api.skolverket.se/skolenhetsregistret/v2/organizers/8780016211,true,
fsskolan.se,enskild_huvudman,STIFTELSEN FRAMSTEGSSKOLAN,skolverket_organizer_api,https://api.skolverket.se/skolenhetsregistret/v2/organizers/8020161926,false,
furuboda.se,enskild_huvudman,FÖRENINGEN FURUBODA UTBILDNING OCH KOMPETENSCENTRUM,skolverket_organizer_api,https://api.skolverket.se/skolenhetsregistret/v2/organizers/8382005281,true,
futuraskolan.se,enskild_huvudman,FUTURASKOLAN AB,skolverket_organizer_api,https://api.skolverket.se/skolenhetsregistret/v2/organizers/5566095047,true,
fyrenekalmen.se,enskild_huvudman,Fyren EkAlmen AB,skolverket_organizer_api,https://api.skolverket.se/skolenhetsregistret/v2/organizers/5568568629,true,
fyrkappan.se,enskild_huvudman,MONTESSORISKOLAN FYRKAPPAN EKONOMISK FÖRENING,skolverket_organizer_api,https://api.skolverket.se/skolenhetsregistret/v2/organizers/7696097760,true,
gadden.se,enskild_huvudman,FÖRÄLDRAKOOP.GADDEN EK.FÖRENING,skolverket_organizer_api,https://api.skolverket.se/skolenhetsregistret/v2/organizers/7164481132,true,
gamlebyvikensfriskola.se,enskild_huvudman,Josua Education AB,skolverket_organizer_api,https://api.skolverket.se/skolenhetsregistret/v2/organizers/5590945852,true,
gardebyfriskola.se,enskild_huvudman,GÅRDEBY FRISKOLA EKONOMISK FÖRENING,skolverket_organizer_api,https://api.skolverket.se/skolenhetsregistret/v2/organizers/7696011993,false,
gfwg.se,enskild_huvudman,INSAMLINGSSTIFTELSEN GÖTEBORGS FRIA WALDORFGYMNASIUM,skolverket_organizer_api,https://api.skolverket.se/skolenhetsregistret/v2/organizers/8024794060,false,
gislavedmontessori.se,enskild_huvudman,Montessorifriskolan i Gislaved Ekonomiska förening,skolverket_organizer_api,https://api.skolverket.se/skolenhetsregistret/v2/organizers/7696123103,true,
gklaven.se,enskild_huvudman,G-KLAVEN AB,skolverket_organizer_api,https://api.skolverket.se/skolenhetsregistret/v2/organizers/5566033592,true,
gks.nu,enskild_huvudman,FÖRENINGEN FÖR GEFLE KRISTNA SKOLA,skolverket_organizer_api,https://api.skolverket.se/skolenhetsregistret/v2/organizers/8850018683,true,
globen.nu,enskild_huvudman,ALINGSÅS MONTESSORI SKOLA GLOBEN,skolverket_organizer_api,https://api.skolverket.se/skolenhetsregistret/v2/organizers/8640009794,true,
gnestawaldorfskola.se,enskild_huvudman,GNESTA WALDORFSKOLEFÖRENING,skolverket_organizer_api,https://api.skolverket.se/skolenhetsregistret/v2/organizers/8190013030,true,
gnosiaskolan.se,enskild_huvudman,Gnosiaskolan AB,skolverket_organizer_api,https://api.skolverket.se/skolenhetsregistret/v2/organizers/5568854441,false,
gokompetens.se,enskild_huvudman,G.O. KOMPETENS TRANSPORTGYMNASIUM AB,skolverket_organizer_api,https://api.skolverket.se/skolenhetsregistret/v2/organizers/5566412549,true,
goranssonskaskolan.com,enskild_huvudman,SANDVIK UTBILDNINGSAKTIEBOLAG,skolverket_organizer_api,https://api.skolverket.se/skolenhetsregistret/v2/organizers/5563048791,true,
gottepasen.se,enskild_huvudman,Torbjörntorps Förskola och Fritidshem Gottepåsen EK FÖR,skolverket_organizer_api,https://api.skolverket.se/skolenhetsregistret/v2/organizers/7164105434,true,
gottnebygden.se,enskild_huvudman,GOTTNEBYGDENS SAMHÄLLSFÖRENING,skolverket_organizer_api,https://api.skolverket.se/skolenhetsregistret/v2/organizers/8896011528,true,
gottskargrundskola.se,enskild_huvudman,Gottskär Grundskola Ekonomisk förening,skolverket_organizer_api,https://api.skolverket.se/skolenhetsregistret/v2/organizers/7696013361,true,
granbergsdalsskola.se,enskild_huvudman,"Granbergsdals skola, Ekonomisk förening",skolverket_organizer_api,https://api.skolverket.se/skolenhetsregistret/v2/organizers/7164532033,true,
grantomta.se,enskild_huvudman,GRANTOMTA MONTESSORISTIFTELSE,skolverket_organizer_api,https://api.skolverket.se/skolenhetsregistret/v2/organizers/8140009518,true,
grenadjarskolan.se,enskild_huvudman,STIFTELSEN GRENADJÄRSKOLAN,skolverket_organizer_api,https://api.skolverket.se/skolenhetsregistret/v2/organizers/8750024062,true,
grillska.se,enskild_huvudman,STADSMISSIONENS SKOLSTIFTELSE,skolverket_organizer_api,https://api.skolverket.se/skolenhetsregistret/v2/organizers/8020170794,true,
gryningeskolan.se,enskild_huvudman,JOHAI AB,skolverket_organizer_api,https://api.skolverket.se/skolenhetsregistret/v2/organizers/5566446224,false,
gtc.com,enskild_huvudman,Göteborgs Tekniska College Aktiebolag,skolverket_organizer_api,https://api.skolverket.se/skolenhetsregistret/v2/organizers/5565706768,true,original_url=www.gtg.se & www.gtc.com
gti.se,enskild_huvudman,GÖTEBORGS TEKNISKA INSTITUT AKTIEBOLAG,skolverket_organizer_api,https://api.skolverket.se/skolenhetsregistret/v2/organizers/5562358993,true,
guteskolan.se,enskild_huvudman,Guteskolan AB,skolverket_organizer_api,https://api.skolverket.se/skolenhetsregistret/v2/organizers/5567044267,true,
gygripen.se,enskild_huvudman,Gymnasieskolan Gripen AB,skolverket_organizer_api,https://api.skolverket.se/skolenhetsregistret/v2/organizers/5567622682,true,
habiliteket.se,enskild_huvudman,HABILITEKET AKTIEBOLAG,skolverket_organizer_api,https://api.skolverket.se/skolenhetsregistret/v2/organizers/5564842416,true,
hagernasstrandskolan.se,enskild_huvudman,Termino C 2601 AB,skolverket_organizer_api,https://api.skolverket.se/skolenhetsregistret/v2/organizers/5568921984,false,
hagmarken.com,enskild_huvudman,Hagmarkens Förskola/Skola AB,skolverket_organizer_api,https://api.skolverket.se/skolenhetsregistret/v2/organizers/5566688361,true,
hagstromska.se,enskild_huvudman,Hagströmska Gymnasiet AB,skolverket_organizer_api,https://api.skolverket.se/skolenhetsregistret/v2/organizers/5567550461,true,
halleberg.se,enskild_huvudman,HÄLLEBERGSFÖRSAMLINGEN,skolverket_organizer_api,https://api.skolverket.se/skolenhetsregistret/v2/organizers/8585000410,true,
hallforsskola.se,enskild_huvudman,HÄLLFORSHEDENS FRISKOLA EKONOMISK FÖRENING,skolverket_organizer_api,https://api.skolverket.se/skolenhetsregistret/v2/organizers/7696017008,true,
halsingegymnasiet.se,enskild_huvudman,Hälsingegymnasiet AB,skolverket_organizer_api,https://api.skolverket.se/skolenhetsregistret/v2/organizers/5567600886,true,
hammenhogsfriskola.se,enskild_huvudman,Hammenhögs Friskola ek. för.,skolverket_organizer_api,https://api.skolverket.se/skolenhetsregistret/v2/organizers/7696257885,true,
hamnaskolan.se,enskild_huvudman,Ellithan AB,skolverket_organizer_api,https://api.skolverket.se/skolenhetsregistret/v2/organizers/5568042070,true,
haningemontessoriskola.se,enskild_huvudman,HANINGE MONTESSORISKOLA AKTIEBOLAG,skolverket_organizer_email,https://api.skolverket.se/skolenhetsregistret/v2/organizers/5565927026,true,confirmed_from_skolverket_missing_url_queue;school_unit=Haninge Montessoriskola(AKTIV)
hannaskolan.nu,enskild_huvudman,STIFTELSEN HANNASKOLAN,skolverket_organizer_api,https://api.skolverket.se/skolenhetsregistret/v2/organizers/8750023650,true,
hannaskolan.se,enskild_huvudman,UMEÅ KRISTNA SKOLFÖRENING,skolverket_organizer_api,https://api.skolverket.se/skolenhetsregistret/v2/organizers/8024231154,true,
hantverksakademin.se,enskild_huvudman,Hantverksakademin i Sverige AB,skolverket_organizer_api,https://api.skolverket.se/skolenhetsregistret/v2/organizers/5566998208,true,
haslovsbyaskola.nu,enskild_huvudman,Pimapos skola och fritids AB,skolverket_organizer_api,https://api.skolverket.se/skolenhetsregistret/v2/organizers/5564946530,true,
hasslovsskola.se,enskild_huvudman,HASSLÖV SKOLA IDEELL FÖRENING,skolverket_organizer_api,https://api.skolverket.se/skolenhetsregistret/v2/organizers/8492022150,true,
hbgsportgymnasium.com,enskild_huvudman,Helsingborgs Sportgymnasium AB,skolverket_organizer_email,https://api.skolverket.se/skolenhetsregistret/v2/organizers/5591204101,true,confirmed_from_skolverket_missing_url_queue;school_unit=Helsingborgs Sportgymnasium(AKTIV)
helias.se,enskild_huvudman,Heliås Kunskapscentrum AB,skolverket_organizer_api,https://api.skolverket.se/skolenhetsregistret/v2/organizers/5568154552,true,
hermods.se,enskild_huvudman,Hermods Aktiebolag,skolverket_organizer_api,https://api.skolverket.se/skolenhetsregistret/v2/organizers/5560440017,true,
hietaniemifriskola.se,enskild_huvudman,HIETANIEMI FRISKOLEFÖRENING,skolverket_organizer_api,https://api.skolverket.se/skolenhetsregistret/v2/organizers/8976010887,true,
hillel.nu,enskild_huvudman,FÖRENINGEN HILLEL,skolverket_organizer_api,https://api.skolverket.se/skolenhetsregistret/v2/organizers/8020058411,true,
hogakustenteoretiskagymnasium.se,enskild_huvudman,Honesta Gymnasieskolor AB,skolverket_organizer_api,https://api.skolverket.se/skolenhetsregistret/v2/organizers/5590258108,true,
honesta.se,enskild_huvudman,Honesta Skolutveckling AB,skolverket_organizer_api,https://api.skolverket.se/skolenhetsregistret/v2/organizers/5569173635,true,
hornsjofriskola.se,enskild_huvudman,Hörnsjö fastigheter ekonomisk förening,skolverket_organizer_api,https://api.skolverket.se/skolenhetsregistret/v2/organizers/7696042188,false,
hosiannaskolan.se,enskild_huvudman,STIFTELSEN NORDANSTIGS KRISTNA CENTER,skolverket_organizer_api,https://api.skolverket.se/skolenhetsregistret/v2/organizers/8875012570,true,
hotmail.se,enskild_huvudman,Torsö Skärgårdsskola Ekonomisk förening,skolverket_organizer_api,https://api.skolverket.se/skolenhetsregistret/v2/organizers/7696198865,true,
huddungebyskola.se,enskild_huvudman,Huddunge Byskola ekonomisk förening,skolverket_organizer_api,https://api.skolverket.se/skolenhetsregistret/v2/organizers/7696146880,true,
hudikgymnasiet.se,enskild_huvudman,Hudiksvalls Gymnasieskola AB,skolverket_organizer_api,https://api.skolverket.se/skolenhetsregistret/v2/organizers/5590053723,true,
humanus.se,enskild_huvudman,HUMANUS UTBILDNING SYD AB,skolverket_organizer_api,https://api.skolverket.se/skolenhetsregistret/v2/organizers/5565081188,false,
humfryskolan.se,enskild_huvudman,Humfry Utbildning AB,skolverket_organizer_api,https://api.skolverket.se/skolenhetsregistret/v2/organizers/5567292478,false,
hule.education,enskild_huvudman,HuleEdu,operator_override,user_confirmed_2026-03-30,true,alpha_poc_allowlist_seed
hushallningssallskapet.se,enskild_huvudman,HUSHÅLLNINGSSÄLLSKAPET KALMAR-KRONOBERG-BLEKINGE,skolverket_organizer_api,https://api.skolverket.se/skolenhetsregistret/v2/organizers/2620000071,true,
hvbekekullen.se,enskild_huvudman,Nytida Riggen AB,skolverket_organizer_api,https://api.skolverket.se/skolenhetsregistret/v2/organizers/5566127097,false,
hvilanutbildning.se,enskild_huvudman,Hvilan Utbildning AB,skolverket_organizer_api,https://api.skolverket.se/skolenhetsregistret/v2/organizers/5566066980,true,
hyg.se,enskild_huvudman,Hörby Yrkesgymnasium AB,skolverket_organizer_api,https://api.skolverket.se/skolenhetsregistret/v2/organizers/5568212939,true,
hylliepark.se,enskild_huvudman,Hyllie Park Aktiebolag,skolverket_organizer_api,https://api.skolverket.se/skolenhetsregistret/v2/organizers/5564918356,true,
idrottsgymnasiet.se,enskild_huvudman,Stockholms Idrottsgymnasium AB,skolverket_organizer_api,https://api.skolverket.se/skolenhetsregistret/v2/organizers/5567379226,true,
idunskolan.se,enskild_huvudman,IDUNSTIFTELSEN FÖR WALDORFPEDAGOGIK,skolverket_organizer_api,https://api.skolverket.se/skolenhetsregistret/v2/organizers/8024782230,true,
imanskolan.se,enskild_huvudman,STIFTELSEN IMANSKOLAN,skolverket_organizer_api,https://api.skolverket.se/skolenhetsregistret/v2/organizers/8176034323,false,
immanuelskolan.se,enskild_huvudman,STIFTELSEN IMMANUEL,skolverket_organizer_api,https://api.skolverket.se/skolenhetsregistret/v2/organizers/8826020722,true,
ingridskolan.se,enskild_huvudman,INGRIDSKOLAN AB,skolverket_organizer_api,https://api.skolverket.se/skolenhetsregistret/v2/organizers/5566222013,true,
initcollege.com,enskild_huvudman,Edinit AB,skolverket_organizer_api,https://api.skolverket.se/skolenhetsregistret/v2/organizers/5563114445,false,
insu.se,enskild_huvudman,Elteknikbranschens Gymnasium i Nyköping AB,skolverket_organizer_api,https://api.skolverket.se/skolenhetsregistret/v2/organizers/5567106637,true,
intermilia.se,enskild_huvudman,FRIA INTERMILIA SKOLAN,skolverket_organizer_api,https://api.skolverket.se/skolenhetsregistret/v2/organizers/8240008709,false,
iofi.se,enskild_huvudman,Individ och familjeinsatser (IOFI) AB,skolverket_organizer_api,https://api.skolverket.se/skolenhetsregistret/v2/organizers/5569990160,true,
isgr.se,enskild_huvudman,GÖTEBORGSREGIONENS INTERNATIONELLA SKOLA AB,skolverket_organizer_api,https://api.skolverket.se/skolenhetsregistret/v2/organizers/5565275657,true,
isgy.se,enskild_huvudman,STIFTELSEN INGRID SEGERSTEDTS GYMNASIUM,skolverket_organizer_api,https://api.skolverket.se/skolenhetsregistret/v2/organizers/8572088824,true,
islamiccenter.se,enskild_huvudman,ISLAMIC CENTERS FÖRSAMLING,skolverket_organizer_api,https://api.skolverket.se/skolenhetsregistret/v2/organizers/8460039251,true,
iurochskur.se,enskild_huvudman,"I Ur och Skur Mullebo, Ekonomisk förening",skolverket_organizer_api,https://api.skolverket.se/skolenhetsregistret/v2/organizers/7696008585,true,
iurochskurmullekojan.se,enskild_huvudman,PERSONALKOOPERATIVET I UR OCH SKUR MULLEKOJANS E,skolverket_organizer_api,https://api.skolverket.se/skolenhetsregistret/v2/organizers/7696002984,true,
iurochskurutsikten.se,enskild_huvudman,I UR OCH SKUR UTSIKTEN EKONOMISK FÖRENING,skolverket_organizer_api,https://api.skolverket.se/skolenhetsregistret/v2/organizers/7696000855,true,
jagkan.se,enskild_huvudman,Nytida Jag Kan AB,skolverket_organizer_api,https://api.skolverket.se/skolenhetsregistret/v2/organizers/5563837334,false,
jarbofriskola.se,enskild_huvudman,JÄRBO FRISKOLA,skolverket_organizer_api,https://api.skolverket.se/skolenhetsregistret/v2/organizers/8024478847,true,
jarnafriskola.se,enskild_huvudman,JÄRNA FRISKOLA AKTIEBOLAG,skolverket_organizer_api,https://api.skolverket.se/skolenhetsregistret/v2/organizers/5565713210,false,
jarvagymnasium.se,enskild_huvudman,Centrum för gymnasieutbildning i Sverige AB,official_org_site,https://jarvagymnasium.se/,true,confirmed_from_skolverket_missing_url_queue;school_unit=Järva Gymnasium(AKTIV)
jarvaskolan.se,enskild_huvudman,Järvaskolan AB,skolverket_organizer_api,https://api.skolverket.se/skolenhetsregistret/v2/organizers/5569572315,true,
jarvgym.se,enskild_huvudman,Mästaren 22 AB,skolverket_organizer_api,https://api.skolverket.se/skolenhetsregistret/v2/organizers/5591656151,true,
jenseneducation.se,enskild_huvudman,JENSEN EDUCATION COLLEGE AB,skolverket_organizer_api,https://api.skolverket.se/skolenhetsregistret/v2/organizers/5566358759,true,
jks.se,enskild_huvudman,JÖNKÖPINGS KRISTNA SKOLFÖRENING,skolverket_organizer_api,https://api.skolverket.se/skolenhetsregistret/v2/organizers/8260017648,true,
jonsbergska.se,enskild_huvudman,Jönsbergska Idrottsskolan Norrköping AB,skolverket_organizer_api,https://api.skolverket.se/skolenhetsregistret/v2/organizers/5566765920,true,
josefinaskolan.se,enskild_huvudman,STIFTELSEN JOSEFINASKOLAN,skolverket_organizer_api,https://api.skolverket.se/skolenhetsregistret/v2/organizers/8148007258,true,
josua.se,enskild_huvudman,STIFTELSEN JOSUA,skolverket_organizer_api,https://api.skolverket.se/skolenhetsregistret/v2/organizers/8336005544,true,
jungsfriskola.se,enskild_huvudman,Jungs Friskola Ekonomisk förening,skolverket_organizer_api,https://api.skolverket.se/skolenhetsregistret/v2/organizers/7696199566,false,
kajanfriskola.se,enskild_huvudman,Kajan anpassad grund- och gymnasieskola AB,skolverket_organizer_api,https://api.skolverket.se/skolenhetsregistret/v2/organizers/5566945795,true,
kallskolan.se,enskild_huvudman,FÖRENINGEN FÖR KRISTEN SKOLA I UPPLANDS-BRO,skolverket_organizer_api,https://api.skolverket.se/skolenhetsregistret/v2/organizers/8132004659,true,
kalmarwaldorfskola.se,enskild_huvudman,STIFTELSEN KALMAR WALDORFSKOLA,skolverket_organizer_api,https://api.skolverket.se/skolenhetsregistret/v2/organizers/8324012288,true,
kangosskola.se,enskild_huvudman,KANGOS KULTUR OCH EKOLOGISKOLA,skolverket_organizer_api,https://api.skolverket.se/skolenhetsregistret/v2/organizers/8976008238,true,
karlshamnmontessori.se,enskild_huvudman,KARLSHAMNS MONTESSORI-SKOLA- EKONOMISK FÖRENING,skolverket_organizer_api,https://api.skolverket.se/skolenhetsregistret/v2/organizers/7696004071,true,
karlskronamontessori.se,enskild_huvudman,KARLSKRONA MONTESSORIFRISKOLA AB,skolverket_organizer_api,https://api.skolverket.se/skolenhetsregistret/v2/organizers/5565030599,true,
karlskronasprakskola.se,enskild_huvudman,Bastasjö Friskola AB,skolverket_organizer_api,https://api.skolverket.se/skolenhetsregistret/v2/organizers/5568076375,true,
karlslundsskolan.se,enskild_huvudman,KARLSLUNDS IF FK,skolverket_organizer_api,https://api.skolverket.se/skolenhetsregistret/v2/organizers/8750008438,true,
karlstadsglobala.se,enskild_huvudman,Global bildning AB,skolverket_organizer_api,https://api.skolverket.se/skolenhetsregistret/v2/organizers/5592340144,true,
kastanjen.nu,enskild_huvudman,FREINETSKOLAN KASTANJEN EKONOMISK FÖRENING,skolverket_organizer_api,https://api.skolverket.se/skolenhetsregistret/v2/organizers/7696000590,true,
kastanjeskolan.nu,enskild_huvudman,FÖRENINGEN KASTANJESKOLAN,skolverket_organizer_api,https://api.skolverket.se/skolenhetsregistret/v2/organizers/8465016791,true,
kastellskolan.se,enskild_huvudman,KASTELLSKOLAN,skolverket_organizer_api,https://api.skolverket.se/skolenhetsregistret/v2/organizers/8880008365,true,
katarinaskolan.se,enskild_huvudman,HELIGA KATARINAS SKOLSTIFTELSE,skolverket_organizer_api,https://api.skolverket.se/skolenhetsregistret/v2/organizers/8176030867,true,
kgy.se,enskild_huvudman,VÄSTERÅS ENTREPRENÖRSGYMNASIUM,skolverket_organizer_api,https://api.skolverket.se/skolenhetsregistret/v2/organizers/8176058942,true,
kilowattskolan.se,enskild_huvudman,Kilowatt AB,skolverket_organizer_api,https://api.skolverket.se/skolenhetsregistret/v2/organizers/5568865801,false,
kingelstadbyskola.se,enskild_huvudman,Kingelstad Byskola Handelsbolag,skolverket_organizer_api,https://api.skolverket.se/skolenhetsregistret/v2/organizers/9697616556,true,
klippansfriskola.se,enskild_huvudman,Klippans friskola Ekonomisk förening,skolverket_organizer_api,https://api.skolverket.se/skolenhetsregistret/v2/organizers/7696315089,false,
kmskola.se,enskild_huvudman,Kullaviks Montessoriskola Ekonomisk förening,skolverket_organizer_api,https://api.skolverket.se/skolenhetsregistret/v2/organizers/7164422243,true,
knippan.se,enskild_huvudman,NYCKELKNIPPAN FÖRSKOLE AKTIEBOLAG,skolverket_organizer_api,https://api.skolverket.se/skolenhetsregistret/v2/organizers/5564787397,true,
kokalite.se,enskild_huvudman,KOKALITE AKTIEBOLAG,skolverket_organizer_api,https://api.skolverket.se/skolenhetsregistret/v2/organizers/5564470978,false,
kooperativetdalen.se,enskild_huvudman,ARBETS- OCH SOCIALKOOPERATIVET DALEN EK FÖR,skolverket_organizer_api,https://api.skolverket.se/skolenhetsregistret/v2/organizers/7696064067,true,
korallensfriskola.se,enskild_huvudman,Korallens Friskola AB,skolverket_organizer_api,https://api.skolverket.se/skolenhetsregistret/v2/organizers/5567357073,false,
kordelia.se,enskild_huvudman,Kordelia friskola AB,skolverket_organizer_api,https://api.skolverket.se/skolenhetsregistret/v2/organizers/5565696852,true,
kovraskola.se,enskild_huvudman,Kövra Byskola AB,skolverket_organizer_api,https://api.skolverket.se/skolenhetsregistret/v2/organizers/5567657316,true,
kraftverketsforskola.com,enskild_huvudman,Personalkooperativet Kraftverket i Hällfors EK FÖR,skolverket_organizer_api,https://api.skolverket.se/skolenhetsregistret/v2/organizers/7696149348,true,
krikabygdeskola.se,enskild_huvudman,KRIKA SKOLA IDEELL FÖRENING,skolverket_organizer_api,https://api.skolverket.se/skolenhetsregistret/v2/organizers/8376008812,true,
kristnaskolanoasen.se,enskild_huvudman,KRISTNA SKOLAN OASEN IDEELLA FÖRENING,skolverket_organizer_api,https://api.skolverket.se/skolenhetsregistret/v2/organizers/8892015598,true,
kristofferskolan.se,enskild_huvudman,STIFTELSEN KRISTOFFERSKOLAN,skolverket_organizer_api,https://api.skolverket.se/skolenhetsregistret/v2/organizers/8020018720,true,
kronobergshed.se,enskild_huvudman,Kronobergsheds Skola Ek. för.,skolverket_organizer_api,https://api.skolverket.se/skolenhetsregistret/v2/organizers/7696124531,true,
kronobergskola.se,enskild_huvudman,Nordic International School AB,skolverket_organizer_api,https://api.skolverket.se/skolenhetsregistret/v2/organizers/5566102033,true,
kubeliden.se,enskild_huvudman,"KUBELIDENS MONTESSORIFÖRSKOLA, GRUNDSKOLA OCH FR",skolverket_organizer_api,https://api.skolverket.se/skolenhetsregistret/v2/organizers/7696008684,true,
kulturskolanrakteten.se,enskild_huvudman,KULTURSKOLAN RAKETEN AB,skolverket_organizer_api,https://api.skolverket.se/skolenhetsregistret/v2/organizers/5565484796,true,
kungsholmens-friskola.se,enskild_huvudman,KUNGSHOLMENS FRISKOLA EKONOMISK FÖRENING,skolverket_organizer_api,https://api.skolverket.se/skolenhetsregistret/v2/organizers/7164221421,true,
kunskapscompaniet.se,enskild_huvudman,Kunskapscompaniet Gymnasium KCGY AB,skolverket_organizer_api,https://api.skolverket.se/skolenhetsregistret/v2/organizers/5561383885,true,
kunskapsljuset.se,enskild_huvudman,FÖRENINGEN AL-NOOR AL-ISLAMIA,skolverket_organizer_api,https://api.skolverket.se/skolenhetsregistret/v2/organizers/8250032318,false,
kunskapsskolan.se,enskild_huvudman,Kunskapsskolan i Sverige Aktiebolag,skolverket_organizer_api,https://api.skolverket.se/skolenhetsregistret/v2/organizers/5565661815,true,
kvarnafriskola.se,enskild_huvudman,Ekonomiska föreningen i Kvarnå,official_org_site,https://kvarnafriskola.se/,true,confirmed_from_skolverket_missing_url_queue
kvarnhjulet.se,enskild_huvudman,"Friskolan Kvarnhjulet, ekonomisk förening",skolverket_organizer_api,https://api.skolverket.se/skolenhetsregistret/v2/organizers/7164452166,true,
kvarseboskola.se,enskild_huvudman,KVARSEBO SKOLA,skolverket_organizer_api,https://api.skolverket.se/skolenhetsregistret/v2/organizers/8024144779,true,
labanskolan.se,enskild_huvudman,Labanskolan AB,skolverket_organizer_api,https://api.skolverket.se/skolenhetsregistret/v2/organizers/5565701082,true,
lagnovallen.se,enskild_huvudman,STIFTELSEN LAGNÖVALLEN,skolverket_organizer_api,https://api.skolverket.se/skolenhetsregistret/v2/organizers/8024250808,true,
laraforlivet.com,enskild_huvudman,MONTESSORISTIFTELSEN LÄRA FÖR LIVET,skolverket_organizer_api,https://api.skolverket.se/skolenhetsregistret/v2/organizers/8496006555,false,
larande.se,enskild_huvudman,Lärande i Sverige AB,skolverket_organizer_api,https://api.skolverket.se/skolenhetsregistret/v2/organizers/5565715892,true,
larandegrundskola.se,enskild_huvudman,Lärande förskolor och grundskolor i Sverige AB,skolverket_organizer_api,https://api.skolverket.se/skolenhetsregistret/v2/organizers/5567243547,true,
lasos.se,enskild_huvudman,Landskrona School of Sports AB,skolverket_organizer_api,https://api.skolverket.se/skolenhetsregistret/v2/organizers/5567206239,true,
lbs.se,enskild_huvudman,LBS Kreativa Gymnasiet AB,skolverket_organizer_api,https://api.skolverket.se/skolenhetsregistret/v2/organizers/5564851649,true,
lel.nu,enskild_huvudman,LARS-ERIK LARSSON GYMNASIET,skolverket_organizer_api,https://api.skolverket.se/skolenhetsregistret/v2/organizers/8465021015,true,
lemshaga.se,enskild_huvudman,LEMSHAGASTIFTELSEN,skolverket_organizer_api,https://api.skolverket.se/skolenhetsregistret/v2/organizers/8024007075,true,
leteboskolan.se,enskild_huvudman,Letebo Utbildning AB,skolverket_organizer_api,https://api.skolverket.se/skolenhetsregistret/v2/organizers/5569175663,true,
lfsl.net,enskild_huvudman,LYCÉE FRANCAIS SAINT-LOUIS,skolverket_organizer_api,https://api.skolverket.se/skolenhetsregistret/v2/organizers/9020041852,true,
lftg.se,enskild_huvudman,LUNDS FORDONSTEKNISKA GYMNASIUM AB,skolverket_organizer_api,https://api.skolverket.se/skolenhetsregistret/v2/organizers/5566426630,true,
liagymnasiet.se,enskild_huvudman,LIA-skolan Örebro AB,skolverket_organizer_api,https://api.skolverket.se/skolenhetsregistret/v2/organizers/5567557367,true,
lichronteknik.se,enskild_huvudman,Lichron Teknik AB,skolverket_organizer_api,https://api.skolverket.se/skolenhetsregistret/v2/organizers/5567560635,true,
liljanskolan.se,enskild_huvudman,LILJANS SKOLSAMVERKAN AB,skolverket_organizer_api,https://api.skolverket.se/skolenhetsregistret/v2/organizers/5566189097,false,
lillaakademien.se,enskild_huvudman,MUSIKSKOLAN LILLA AKADEMIEN AB,skolverket_organizer_api,https://api.skolverket.se/skolenhetsregistret/v2/organizers/5565510756,true,
lilladjurgardsakademien.se,enskild_huvudman,Lilla Djurgårdsakademien AB,skolverket_organizer_api,https://api.skolverket.se/skolenhetsregistret/v2/organizers/5567874879,false,
lillerud.se,enskild_huvudman,LILLERUDSGYMNASIET AB,skolverket_organizer_api,https://api.skolverket.se/skolenhetsregistret/v2/organizers/5566243548,true,
lillgardsskolan.se,enskild_huvudman,STIFTELSEN LILLGÅRDSSKOLAN I LINKÖPING,skolverket_organizer_api,https://api.skolverket.se/skolenhetsregistret/v2/organizers/8220028651,true,
lillängsskolan.org,enskild_huvudman,Friskolan i Mariestad AB,skolverket_organizer_api,https://api.skolverket.se/skolenhetsregistret/v2/organizers/5568020852,true,original_url=www.ekhamraskolan.se  www.lillängsskolan.org
lindgardsskolan.se,enskild_huvudman,VÄSTANFORS-VÄSTERVÅLA FÖRSAMLING,skolverket_organizer_api,https://api.skolverket.se/skolenhetsregistret/v2/organizers/2520040524,true,
lingbygdensfriskola.se,enskild_huvudman,Lingbygdens Friskola ekonomisk förening,skolverket_organizer_api,https://api.skolverket.se/skolenhetsregistret/v2/organizers/7696213292,true,
linguamontessori.se,enskild_huvudman,Lingua Montessori Förskolor & Skolor AB,skolverket_organizer_api,https://api.skolverket.se/skolenhetsregistret/v2/organizers/5568771793,false,
linneskolan.se,enskild_huvudman,ALINGSÅS WALDORFSKOLEFÖRENING,skolverket_organizer_api,https://api.skolverket.se/skolenhetsregistret/v2/organizers/8640010511,false,
ljunghagaskola.se,enskild_huvudman,Holsljunga Friskola AB (svb),skolverket_organizer_api,https://api.skolverket.se/skolenhetsregistret/v2/organizers/5592346471,true,
ljusfallsskola.se,enskild_huvudman,LJUSFALLS SKOLAS EKONOMISKA FÖRENING,skolverket_organizer_api,https://api.skolverket.se/skolenhetsregistret/v2/organizers/7696105282,true,
lme.nu,enskild_huvudman,PETER ISAAC BÉENS UTBILDNINGSSTIFTELSE,skolverket_organizer_api,https://api.skolverket.se/skolenhetsregistret/v2/organizers/8572003666,true,
lmg.se,enskild_huvudman,FÖRENINGEN LUNDS MONTESSORIGRUNDSKOLA,skolverket_organizer_api,https://api.skolverket.se/skolenhetsregistret/v2/organizers/8450021459,true,
loaskola.se,enskild_huvudman,LÖA SKOLA EK.FÖR.,skolverket_organizer_api,https://api.skolverket.se/skolenhetsregistret/v2/organizers/7164532025,true,
loppansfritids.se,enskild_huvudman,SKÖNSMO IDEELLA FÖRENING,skolverket_organizer_api,https://api.skolverket.se/skolenhetsregistret/v2/organizers/8892014294,false,
ludvigsborgsskolan.se,enskild_huvudman,"LUDVIGSBORGS FRISTÅENDE SKOLA, EK. FÖRENING",skolverket_organizer_api,https://api.skolverket.se/skolenhetsregistret/v2/organizers/7164396918,true,
lumiaskolan.se,enskild_huvudman,Lumia Education AB,skolverket_organizer_api,https://api.skolverket.se/skolenhetsregistret/v2/organizers/5590247374,false,
lunaskolan.se,enskild_huvudman,STOCKHOLMS BARN & UNGDOMSSTÖD AB,skolverket_organizer_api,https://api.skolverket.se/skolenhetsregistret/v2/organizers/5566402672,false,
lundaskolan.se,enskild_huvudman,SÖDER TRIADEN SKOLOR AKTIEBOLAG,skolverket_organizer_api,https://api.skolverket.se/skolenhetsregistret/v2/organizers/5564840238,true,
lundinternationalschool.com,enskild_huvudman,Lund International School ek. för.,skolverket_organizer_api,https://api.skolverket.se/skolenhetsregistret/v2/organizers/7696113914,true,
lundsbergsskola.se,enskild_huvudman,STIFTELSEN LUNDSBERGS SKOLA,skolverket_organizer_api,https://api.skolverket.se/skolenhetsregistret/v2/organizers/8740019362,true,
lundswaldorfskola.se,enskild_huvudman,STIFTELSEN LUNDS WALDORFSKOLA,skolverket_organizer_api,https://api.skolverket.se/skolenhetsregistret/v2/organizers/8450008415,true,
lustlara.se,enskild_huvudman,Friskolan Lust & Lära i Bollnäs AB,skolverket_organizer_api,https://api.skolverket.se/skolenhetsregistret/v2/organizers/5567748149,true,
läraskolan.se,enskild_huvudman,Läraskolan i Bålsta AB,skolverket_organizer_api,https://api.skolverket.se/skolenhetsregistret/v2/organizers/5567275663,true,
maestroskolan.se,enskild_huvudman,MAESTRO SVINDERSVIK AKTIEBOLAG,skolverket_organizer_api,https://api.skolverket.se/skolenhetsregistret/v2/organizers/5566100136,false,
magelungen.com,enskild_huvudman,Magelungen Utveckling AB,skolverket_organizer_api,https://api.skolverket.se/skolenhetsregistret/v2/organizers/5564891447,true,
magnusladulasskolan.se,enskild_huvudman,J-SON PEDAGOGIKCENTRUM AB,skolverket_organizer_api,https://api.skolverket.se/skolenhetsregistret/v2/organizers/5566126479,true,
malardalenstekniska.se,enskild_huvudman,Mälardalens Tekniska Gymnasium Aktiebolag,skolverket_organizer_api,https://api.skolverket.se/skolenhetsregistret/v2/organizers/5565484754,true,
malmen.com,enskild_huvudman,MALMEN MONTESSORI,skolverket_organizer_api,https://api.skolverket.se/skolenhetsregistret/v2/organizers/8645012132,true,
malmofriskola.se,enskild_huvudman,MALMÖ FRISKOLA AB,skolverket_organizer_api,https://api.skolverket.se/skolenhetsregistret/v2/organizers/5566616297,true,
margarethaskolan.se,enskild_huvudman,KNIVSTA FRISKOLA EKONOMISK FÖRENING,skolverket_organizer_api,https://api.skolverket.se/skolenhetsregistret/v2/organizers/7696042618,false,
mariaelementarskola.se,enskild_huvudman,MÄRTA FRANSONS STIFTELSE,skolverket_organizer_api,https://api.skolverket.se/skolenhetsregistret/v2/organizers/8020060458,true,
mariaskolan.net,enskild_huvudman,KRISTNA SKOLFÖRENINGEN I MALMÖ,skolverket_organizer_api,https://api.skolverket.se/skolenhetsregistret/v2/organizers/8460026654,true,
mariaskolan.nu,enskild_huvudman,FÖRENINGEN MARIA MAGDALENA,official_org_site,https://mariaskolan.nu/,true,confirmed_from_skolverket_missing_url_queue;school_unit=Mariaskolan(AKTIV)
mariaskolan.se,enskild_huvudman,UMEÅ KRISTNA FRISKOLEFÖRENING,skolverket_organizer_api,https://api.skolverket.se/skolenhetsregistret/v2/organizers/8940028478,true,
mariaskolanla.se,enskild_huvudman,Multicultural And Recognition In Aspiration in Landskrona AB,skolverket_organizer_api,https://api.skolverket.se/skolenhetsregistret/v2/organizers/5569178550,true,
marinalaroverket.se,enskild_huvudman,Marina Läroverket Danderyd AB,skolverket_organizer_api,https://api.skolverket.se/skolenhetsregistret/v2/organizers/5565160669,true,
martinaskolan.se,enskild_huvudman,"Waldorfföreningen, Martinaskolan, ekonomisk förening",skolverket_organizer_api,https://api.skolverket.se/skolenhetsregistret/v2/organizers/7164449576,true,
martinskolan.se,enskild_huvudman,STIFTELSEN MARTINSKOLAN SÖDERS WALDORFSKOLA,skolverket_organizer_api,https://api.skolverket.se/skolenhetsregistret/v2/organizers/8020072644,true,
mavaterosen.se,enskild_huvudman,MA Vätterosen AB,skolverket_organizer_api,https://api.skolverket.se/skolenhetsregistret/v2/organizers/5564868155,true,
mediagymnasiet.se,enskild_huvudman,Nacka Strands Gymnasium AB,skolverket_organizer_api,https://api.skolverket.se/skolenhetsregistret/v2/organizers/5566765995,true,
megamusik.se,enskild_huvudman,MEGA MUSIK GYMNASIESKOLA AB,skolverket_organizer_api,https://api.skolverket.se/skolenhetsregistret/v2/organizers/5565956553,true,
metapontum.se,enskild_huvudman,METAPONTUM AB,skolverket_organizer_api,https://api.skolverket.se/skolenhetsregistret/v2/organizers/5566641691,true,
miaskola.se,enskild_huvudman,Slutplattan SEVTO 102923 AB,skolverket_organizer_api,https://api.skolverket.se/skolenhetsregistret/v2/organizers/5567410807,false,
mikaelgarden.se,enskild_huvudman,FÖRENINGEN MIKAELGÅRDENS LÄKEPEDAGOGISKA INST,skolverket_organizer_api,https://api.skolverket.se/skolenhetsregistret/v2/organizers/8156002795,true,
mikaeliskolan.se,enskild_huvudman,STIFTELSEN MIKAELISKOLAN I NYKÖPING,skolverket_organizer_api,https://api.skolverket.se/skolenhetsregistret/v2/organizers/8190010572,true,
mikaelskolan.se,enskild_huvudman,FÖRENINGEN MIKAELSKOLAN,skolverket_organizer_api,https://api.skolverket.se/skolenhetsregistret/v2/organizers/8148008330,true,
mimer.org,enskild_huvudman,Freinetskolan Mimer ekonomisk förening,skolverket_organizer_api,https://api.skolverket.se/skolenhetsregistret/v2/organizers/7696021117,true,
mimers-brunn.se,enskild_huvudman,Mimers Vittjärv AB,skolverket_organizer_api,https://api.skolverket.se/skolenhetsregistret/v2/organizers/5567226062,true,
mimersgymnasium.se,enskild_huvudman,Adinova AB,skolverket_organizer_api,https://api.skolverket.se/skolenhetsregistret/v2/organizers/5567797831,true,
mimerskolan.se,enskild_huvudman,FÖRENINGEN MIMERS BRUNN,skolverket_organizer_api,https://api.skolverket.se/skolenhetsregistret/v2/organizers/8892027965,true,
minervaskolan.se,enskild_huvudman,MINERVASKOLAN I UMEÅ AB,skolverket_organizer_api,https://api.skolverket.se/skolenhetsregistret/v2/organizers/5565735049,true,
misterhultskola.se,enskild_huvudman,MISTERHULT SKOLA EK. FÖR.,skolverket_organizer_api,https://api.skolverket.se/skolenhetsregistret/v2/organizers/7696099956,true,
mogard.se,enskild_huvudman,Mo LSS Aktiebolag,skolverket_organizer_api,https://api.skolverket.se/skolenhetsregistret/v2/organizers/5564406253,true,
mollan-ysby.se,enskild_huvudman,FÖRÄLDRAKOOPERATIVET MÖLLAN,skolverket_organizer_api,https://api.skolverket.se/skolenhetsregistret/v2/organizers/8492014298,true,
monte.nu,enskild_huvudman,ESLÖVS MONTESSORIFRISKOLA,skolverket_organizer_api,https://api.skolverket.se/skolenhetsregistret/v2/organizers/8465023961,true,
montemini.se,enskild_huvudman,Montemini Hbg's Montessoriskola AB,skolverket_organizer_api,https://api.skolverket.se/skolenhetsregistret/v2/organizers/5565502415,true,
montenova.se,enskild_huvudman,MONTENOVA MONTESSORISKOLA EKONOMISK FÖRENING,skolverket_organizer_api,https://api.skolverket.se/skolenhetsregistret/v2/organizers/7696022248,true,
montessori-skovde.se,enskild_huvudman,SKÖVDE MONTESSORIFÖRENING EKONOMISK FÖRENING,skolverket_organizer_api,https://api.skolverket.se/skolenhetsregistret/v2/organizers/7696006068,true,
montessoridroppen.se,enskild_huvudman,HAPARANDA MONTESSORIFÖRENING,skolverket_organizer_api,https://api.skolverket.se/skolenhetsregistret/v2/organizers/8976004997,true,
montessorifloda.se,enskild_huvudman,MONTESSORISKOLAN FLODA SÄTERI,skolverket_organizer_api,https://api.skolverket.se/skolenhetsregistret/v2/organizers/8635006680,true,
montessorigotland.se,enskild_huvudman,Montessori Friskola Gotland AB,skolverket_organizer_api,https://api.skolverket.se/skolenhetsregistret/v2/organizers/5567935514,true,
montessorigsm.com,enskild_huvudman,MontessoriGrundskolan Maria AB,skolverket_organizer_api,https://api.skolverket.se/skolenhetsregistret/v2/organizers/5565418455,true,
montessoriparlan.se,enskild_huvudman,MONTESSORISKOLAN I SKENE AKTIEBOLAG,skolverket_organizer_api,https://api.skolverket.se/skolenhetsregistret/v2/organizers/5565933503,true,
montessoriskolan-skaret.se,enskild_huvudman,SKÄRET SKOLKOOPERATIV EK.FÖR.,skolverket_organizer_api,https://api.skolverket.se/skolenhetsregistret/v2/organizers/7164452323,true,
montessoriskolan.com,enskild_huvudman,"HEMGÅRDAR I MALMÖ, FÖRENINGEN",skolverket_organizer_api,https://api.skolverket.se/skolenhetsregistret/v2/organizers/8460009460,true,
montessoriskolan.nu,enskild_huvudman,Montessori i Norrtälje AB,skolverket_organizer_api,https://api.skolverket.se/skolenhetsregistret/v2/organizers/5562855410,true,
montessoriskolan.se,enskild_huvudman,STIFTELSEN JUDISKA SAMSKOLAN I GÖTEBORG,skolverket_organizer_api,https://api.skolverket.se/skolenhetsregistret/v2/organizers/8572092206,true,
montessoriskolancentrum.se,enskild_huvudman,STIFTELSEN MONTESSORISKOLAN CENTRUM,skolverket_organizer_api,https://api.skolverket.se/skolenhetsregistret/v2/organizers/8572066309,true,
montessoriskolantellus.net,enskild_huvudman,Montessoriskolan i Höganäs AB,skolverket_organizer_api,https://api.skolverket.se/skolenhetsregistret/v2/organizers/5567058846,true,
montessorisverige.se,enskild_huvudman,Montessori Förskolor och Skolor i Sverige AB,skolverket_organizer_api,https://api.skolverket.se/skolenhetsregistret/v2/organizers/5591658975,true,
montessoriulricehamn.se,enskild_huvudman,Montessori Ekhagen Ulricehamn AB,skolverket_organizer_api,https://api.skolverket.se/skolenhetsregistret/v2/organizers/5569003279,true,
monvax.com,enskild_huvudman,MONTESSORISKOLAN I VAXHOLM EK. FÖR.,skolverket_organizer_api,https://api.skolverket.se/skolenhetsregistret/v2/organizers/7696052492,true,
morapark.se,enskild_huvudman,STIFTELSEN MORA PARK,skolverket_organizer_api,https://api.skolverket.se/skolenhetsregistret/v2/organizers/8156003926,true,
morupsfriskola.se,enskild_huvudman,"Morups friskola, förskola o fritidshem ekonomisk förening",skolverket_organizer_api,https://api.skolverket.se/skolenhetsregistret/v2/organizers/7696074181,true,
movinger.nu,enskild_huvudman,JOHAN MOVINGERS GYMNASIUM,skolverket_organizer_api,https://api.skolverket.se/skolenhetsregistret/v2/organizers/8024142781,true,
mthutbildning.se,enskild_huvudman,MTH utbildning AB,skolverket_organizer_api,https://api.skolverket.se/skolenhetsregistret/v2/organizers/5590485644,false,
mtu.se,enskild_huvudman,"MEDIATEKNIKERUTBILDNINGEN, MTU AB",skolverket_organizer_api,https://api.skolverket.se/skolenhetsregistret/v2/organizers/5564631983,true,
mubarak.se,enskild_huvudman,Mubarak Utbildning AB,skolverket_organizer_api,https://api.skolverket.se/skolenhetsregistret/v2/organizers/5568571748,true,
musikgymnasiet.se,enskild_huvudman,NORDISKA MUSIKGYMNASIET AB,skolverket_organizer_api,https://api.skolverket.se/skolenhetsregistret/v2/organizers/5565851507,true,
musikladan.se,enskild_huvudman,FÖRÄLDRAFÖRENINGEN VID MUSIKLÅDAN,skolverket_organizer_api,https://api.skolverket.se/skolenhetsregistret/v2/organizers/8176032319,true,
myrstuguskolan.se,enskild_huvudman,Mybe AB,skolverket_organizer_api,https://api.skolverket.se/skolenhetsregistret/v2/organizers/5562177500,true,
nackademin.se,enskild_huvudman,NACKADEMIN AKTIEBOLAG,skolverket_organizer_api,https://api.skolverket.se/skolenhetsregistret/v2/organizers/5566166475,true,
nashultafriskola.se,enskild_huvudman,NÄSHULTA FRAMTID,skolverket_organizer_api,https://api.skolverket.se/skolenhetsregistret/v2/organizers/8176065848,true,
naturbrukvast.se,enskild_huvudman,Naturbruk Väst AB,skolverket_organizer_api,https://api.skolverket.se/skolenhetsregistret/v2/organizers/5590475611,true,
naturlara.se,enskild_huvudman,NaturLära i Hälsingland AB,skolverket_organizer_api,https://api.skolverket.se/skolenhetsregistret/v2/organizers/5568554314,true,
naturomiljoskolan.se,enskild_huvudman,Natur- och Miljöskolan i Åmål AB,skolverket_organizer_api,https://api.skolverket.se/skolenhetsregistret/v2/organizers/5568523681,true,
nifsarpsskolan.se,enskild_huvudman,Eksjö Fordonsutbildning AB,skolverket_organizer_api,https://api.skolverket.se/skolenhetsregistret/v2/organizers/5565848537,true,
nilsholgerssonskolan.se,enskild_huvudman,FÖRÄLDRAKOOPERATIVET NILS HOLGERSSONSKOLAN EK FÖ,skolverket_organizer_api,https://api.skolverket.se/skolenhetsregistret/v2/organizers/7696014666,true,
nlv.se,enskild_huvudman,Nya läroverket Luleå AB,skolverket_organizer_api,https://api.skolverket.se/skolenhetsregistret/v2/organizers/5566677927,true,
norrbyskolan.se,enskild_huvudman,Stockholm Lära Aktiebolag,skolverket_organizer_api,https://api.skolverket.se/skolenhetsregistret/v2/organizers/5567240659,true,
novalisgymnasiet.se,enskild_huvudman,STIFTELSEN NOVALIS,skolverket_organizer_api,https://api.skolverket.se/skolenhetsregistret/v2/organizers/8156008172,true,
noviaengelskaskolan.se,enskild_huvudman,Global Bridge i Sverige AB,skolverket_organizer_api,https://api.skolverket.se/skolenhetsregistret/v2/organizers/5568125040,false,
nsu.se,enskild_huvudman,Nyköping Strand Utbildningscentrum AB,skolverket_organizer_api,https://api.skolverket.se/skolenhetsregistret/v2/organizers/5564710795,true,
nyakastetsskola.se,enskild_huvudman,Nya kastets skola AB,skolverket_organizer_api,https://api.skolverket.se/skolenhetsregistret/v2/organizers/5590000906,false,
nyamunken.se,enskild_huvudman,NYA MUNKEN AKTIEBOLAG,skolverket_organizer_api,https://api.skolverket.se/skolenhetsregistret/v2/organizers/5563475028,true,
nyasandlyckeskolan.se,enskild_huvudman,INSAMLINGSSTIFTELSEN SANKTA THORA,skolverket_organizer_api,https://api.skolverket.se/skolenhetsregistret/v2/organizers/8024815790,false,
nybromontessori.se,enskild_huvudman,NYBRO INTRESSEFÖRENING FÖR MONTESSORI,skolverket_organizer_api,https://api.skolverket.se/skolenhetsregistret/v2/organizers/8324014086,true,
nyhemsskolan.se,enskild_huvudman,"Nyhemsskolan-Varbergs Kristna Skola, ekonomisk förening",skolverket_organizer_api,https://api.skolverket.se/skolenhetsregistret/v2/organizers/7696068431,true,
nykopingsenskilda.se,enskild_huvudman,ERASTOS AB,skolverket_organizer_api,https://api.skolverket.se/skolenhetsregistret/v2/organizers/5564418449,true,
nytorpcentrum.se,enskild_huvudman,Friskolan Nytorp AB,skolverket_organizer_api,https://api.skolverket.se/skolenhetsregistret/v2/organizers/5568813561,true,
nytorpshastgymnasium.se,enskild_huvudman,Nytorps Hästgymnasium AB,skolverket_organizer_api,https://api.skolverket.se/skolenhetsregistret/v2/organizers/5569063455,true,
ohf.se,enskild_huvudman,ÖVERBY HÄSTSPORTFÖRENING,skolverket_organizer_api,https://api.skolverket.se/skolenhetsregistret/v2/organizers/8148010856,true,
okms.se,enskild_huvudman,ÖVERKALIX KULTUR- OCH MILJÖSKOLA,skolverket_organizer_api,https://api.skolverket.se/skolenhetsregistret/v2/organizers/8982006515,true,
olympica.se,enskild_huvudman,OLYMPICA AB,skolverket_organizer_api,https://api.skolverket.se/skolenhetsregistret/v2/organizers/5565938700,true,
omegaskolan.se,enskild_huvudman,Sagostigen Holding AB,skolverket_organizer_api,https://api.skolverket.se/skolenhetsregistret/v2/organizers/5592358427,false,
onnestadsgymnasiet.se,enskild_huvudman,Hushållningssällskapets Kompetensutveckling i Syd AB (HUSKAB),skolverket_organizer_api,https://api.skolverket.se/skolenhetsregistret/v2/organizers/5567502777,true,
onsalakyrka.se,enskild_huvudman,ONSALA FÖRSAMLING,skolverket_organizer_api,https://api.skolverket.se/skolenhetsregistret/v2/organizers/2520014396,true,
onumsfriskola.se,enskild_huvudman,ÖNUMS FRISKOLA,skolverket_organizer_api,https://api.skolverket.se/skolenhetsregistret/v2/organizers/8684010559,true,
orebrowaldorfskola.se,enskild_huvudman,STIFTELSEN JOHANNASKOLAN; ÖREBRO WALDORFSKOLA,skolverket_organizer_api,https://api.skolverket.se/skolenhetsregistret/v2/organizers/8750013859,true,
oringe.nu,enskild_huvudman,ÖRINGE MONTESSORIFÖRENING EKONOMISK FÖRENING,skolverket_organizer_api,https://api.skolverket.se/skolenhetsregistret/v2/organizers/7164422300,true,
orjanskolan.se,enskild_huvudman,FÖRENINGEN ÖRJANSKOLAN,skolverket_organizer_api,https://api.skolverket.se/skolenhetsregistret/v2/organizers/8156005103,true,
orustmontessori.se,enskild_huvudman,ORUSTS MONTESSORISKOLA EKONOMISK FÖRENING,skolverket_organizer_api,https://api.skolverket.se/skolenhetsregistret/v2/organizers/7164451614,true,
orustwaldorf.se,enskild_huvudman,Waldorfpedagogik på Orust ekonomisk förening,skolverket_organizer_api,https://api.skolverket.se/skolenhetsregistret/v2/organizers/7696143085,true,
osbyskolan.se,enskild_huvudman,Ösbyskolan AB,skolverket_organizer_api,https://api.skolverket.se/skolenhetsregistret/v2/organizers/5566994009,true,
osterakersbygdensfriskola.se,enskild_huvudman,ÖSTERÅKERSBYGDENS FRISKOLEFÖRENING,skolverket_organizer_api,https://api.skolverket.se/skolenhetsregistret/v2/organizers/8024509500,true,
ostgy.se,enskild_huvudman,Östersunds gymnasieskola AB,skolverket_organizer_api,https://api.skolverket.se/skolenhetsregistret/v2/organizers/5567212641,true,
palangefriskola.se,enskild_huvudman,"Pålänge Friskola, Ekonomisk förening",skolverket_organizer_api,https://api.skolverket.se/skolenhetsregistret/v2/organizers/7696209936,true,
palmlunds.se,enskild_huvudman,Förskolan i Gertrudsvik AB,skolverket_organizer_api,https://api.skolverket.se/skolenhetsregistret/v2/organizers/5567357362,false,
pauliskolan.se,enskild_huvudman,STIFTELSEN PAULISKOLAN,skolverket_organizer_api,https://api.skolverket.se/skolenhetsregistret/v2/organizers/8430021918,true,
peabskolan.se,enskild_huvudman,Peabskolan AB,skolverket_organizer_api,https://api.skolverket.se/skolenhetsregistret/v2/organizers/5564427432,true,
perstorp.com,enskild_huvudman,PERSTORP AKTIEBOLAG,skolverket_organizer_api,https://api.skolverket.se/skolenhetsregistret/v2/organizers/5560246513,true,
piggelinen.se,enskild_huvudman,Friskolan PANEA AB,skolverket_organizer_api,https://api.skolverket.se/skolenhetsregistret/v2/organizers/5567260954,true,
pilensmontessoriskola.com,enskild_huvudman,SÖDERSLÄTTS MONTESSORISKOLA EKONOMISK FÖRENING,skolverket_organizer_api,https://api.skolverket.se/skolenhetsregistret/v2/organizers/7696018121,true,
pilgrimsskolan.se,enskild_huvudman,PILGRIMSSKOLAN AB,skolverket_organizer_api,https://api.skolverket.se/skolenhetsregistret/v2/organizers/5565233797,true,
pilkrog.se,enskild_huvudman,PILKROGS FRISKOLA EK. FÖR.,skolverket_organizer_api,https://api.skolverket.se/skolenhetsregistret/v2/organizers/7696101893,true,
piltradsskolan.se,enskild_huvudman,STIFTELSEN KÄLLAN,skolverket_organizer_api,https://api.skolverket.se/skolenhetsregistret/v2/organizers/8780019090,true,
pontosgrundskola.se,enskild_huvudman,PONTOS Grundskola väst AB,skolverket_organizer_api,https://api.skolverket.se/skolenhetsregistret/v2/organizers/5568337363,true,
popsacademy.se,enskild_huvudman,Pops Academy AB,skolverket_organizer_api,https://api.skolverket.se/skolenhetsregistret/v2/organizers/5569583197,true,
primusskolan.se,enskild_huvudman,PRIMUS UTBILDNING,skolverket_organizer_api,https://api.skolverket.se/skolenhetsregistret/v2/organizers/8024910435,false,
procivitas.se,enskild_huvudman,ProCivitas Privata Gymnasium AB,skolverket_organizer_api,https://api.skolverket.se/skolenhetsregistret/v2/organizers/5566157102,true,
proffsgymnasiet.se,enskild_huvudman,Proffsgymnasiet Örebro AB,skolverket_organizer_api,https://api.skolverket.se/skolenhetsregistret/v2/organizers/5564869161,true,
prosperitas.se,enskild_huvudman,Sista versen 72363 AB,skolverket_organizer_api,https://api.skolverket.se/skolenhetsregistret/v2/organizers/5567531016,false,
psykologigymnasiet.se,enskild_huvudman,Psykologigymnasiet Sverige AB,skolverket_organizer_api,https://api.skolverket.se/skolenhetsregistret/v2/organizers/5567295885,true,
ragnhild.com,enskild_huvudman,S:TA RAGNHILDGYMNASIET AB,skolverket_organizer_api,https://api.skolverket.se/skolenhetsregistret/v2/organizers/5564065687,true,
ralsen.se,enskild_huvudman,RÄLSEN AKTIEBOLAG,skolverket_organizer_api,https://api.skolverket.se/skolenhetsregistret/v2/organizers/5564524220,true,
ramlosafriskola.se,enskild_huvudman,RAMLÖSA FRISKOLA AB,skolverket_organizer_api,https://api.skolverket.se/skolenhetsregistret/v2/organizers/5564629722,true,
ravemalafriskola.se,enskild_huvudman,Rävemåla Friskola AB,skolverket_organizer_api,https://api.skolverket.se/skolenhetsregistret/v2/organizers/5590434766,true,
redmarvel.se,enskild_huvudman,Redmarvel AB,skolverket_organizer_api,https://api.skolverket.se/skolenhetsregistret/v2/organizers/5567322168,false,
refis.se,enskild_huvudman,REFIS Rör- och Elentreprenörernas friskola i Stockholm AB,skolverket_organizer_api,https://api.skolverket.se/skolenhetsregistret/v2/organizers/5566285994,true,
restaurangskolan.se,enskild_huvudman,Internationella hotell- och restaurangskolan IHR AB,skolverket_organizer_api,https://api.skolverket.se/skolenhetsregistret/v2/organizers/5569828451,true,
rickarumsskola.se,enskild_huvudman,RICKARUMS SKOLFÖRENING,skolverket_organizer_api,https://api.skolverket.se/skolenhetsregistret/v2/organizers/8024612114,true,
ridgymnasiet.nu,enskild_huvudman,HUMEQ EDUCATION AB,skolverket_organizer_api,https://api.skolverket.se/skolenhetsregistret/v2/organizers/5565974671,true,
ridgymnasium.nu,enskild_huvudman,Sveriges Ridgymnasium AB,skolverket_organizer_api,https://api.skolverket.se/skolenhetsregistret/v2/organizers/5566814504,true,
risalah.se,enskild_huvudman,SKANDINAVISKA STIFTELSEN FÖR UTBILDNING,skolverket_organizer_api,https://api.skolverket.se/skolenhetsregistret/v2/organizers/8750037080,false,
rockgymnasiet.se,enskild_huvudman,Sista versen 73862 AB,skolverket_organizer_api,https://api.skolverket.se/skolenhetsregistret/v2/organizers/5565466371,false,
rodret.nu,enskild_huvudman,Rodret Förskola & Skola Ekonomisk förening,skolverket_organizer_api,https://api.skolverket.se/skolenhetsregistret/v2/organizers/7696014534,true,
romosseskolan.com,enskild_huvudman,FÖRENINGEN FRAMSTEGSSKOLAN I GÖTEBORG,skolverket_organizer_api,https://api.skolverket.se/skolenhetsregistret/v2/organizers/8551021952,false,
rudolfsteinerskolan.se,enskild_huvudman,STIFTELSEN RUDOLF STEINERSKOLAN I NORRKÖPING,skolverket_organizer_api,https://api.skolverket.se/skolenhetsregistret/v2/organizers/8250013037,true,
runstycket.se,enskild_huvudman,RUNSTYCKETS FÖRSKOLA AKTIEBOLAG,skolverket_organizer_api,https://api.skolverket.se/skolenhetsregistret/v2/organizers/5564518081,true,
rydbofriskola.se,enskild_huvudman,RYDBO FRISKOLA AKTIEBOLAG,skolverket_organizer_api,https://api.skolverket.se/skolenhetsregistret/v2/organizers/5565934055,true,
rymdgymnasiet.se,enskild_huvudman,MALMENS FRISKOLA AB,skolverket_organizer_api,https://api.skolverket.se/skolenhetsregistret/v2/organizers/5565528022,true,"original_url=www.malmensfriskola.se, www.rymdgymnasiet.se"
ryskaskolan.se,enskild_huvudman,Azbuka Lyceum AB,skolverket_organizer_api,https://api.skolverket.se/skolenhetsregistret/v2/organizers/5568515372,true,
rytmus.se,enskild_huvudman,Rytmus AB,skolverket_organizer_api,https://api.skolverket.se/skolenhetsregistret/v2/organizers/5564648979,true,
sabyholm.nu,enskild_huvudman,LANDSKRONA MONTESSORIFÖRENING EK.FÖRENING,skolverket_organizer_api,https://api.skolverket.se/skolenhetsregistret/v2/organizers/7696002794,true,
salbohedskolan.se,enskild_huvudman,AB SALBOHEDS GYMNASIESÄRSKOLA,skolverket_organizer_api,https://api.skolverket.se/skolenhetsregistret/v2/organizers/5566067418,true,
sallybauer.se,enskild_huvudman,SALLY BAUER FÖRSKOLA/SKOLA,skolverket_organizer_api,https://api.skolverket.se/skolenhetsregistret/v2/organizers/8024420393,true,
saltaby.se,enskild_huvudman,FÖRENINGEN SALTÅ BY,skolverket_organizer_api,https://api.skolverket.se/skolenhetsregistret/v2/organizers/9156002389,true,
samskolan.se,enskild_huvudman,STIFTELSEN GÖTEBORGS HÖGRE SAMSKOLA,skolverket_organizer_api,https://api.skolverket.se/skolenhetsregistret/v2/organizers/8572059197,true,
sanktthomasskola.se,enskild_huvudman,STIFTELSEN S:T THOMAS SKOLA,skolverket_organizer_api,https://api.skolverket.se/skolenhetsregistret/v2/organizers/8450030435,true,
saromontessori.se,enskild_huvudman,FÖRENINGEN MONTESSORISKOLAN DAGGDROPPEN,skolverket_organizer_api,https://api.skolverket.se/skolenhetsregistret/v2/organizers/8494004693,true,
savsjokristnaskola.se,enskild_huvudman,STIFTELSEN GUDS KRAFT,skolverket_organizer_api,https://api.skolverket.se/skolenhetsregistret/v2/organizers/8275007857,true,
scandinaviancollege.se,enskild_huvudman,Termino C 4909 AB,skolverket_organizer_api,https://api.skolverket.se/skolenhetsregistret/v2/organizers/5590953278,false,
scout.se,enskild_huvudman,AUSÅS SCOUTKÅR,skolverket_organizer_api,https://api.skolverket.se/skolenhetsregistret/v2/organizers/8394003647,true,original_url=https://ausas.scout.se/
sdmf.se,enskild_huvudman,Saltsjö-Duvnäs Montessoriförskola Ekonomisk förening,skolverket_organizer_api,https://api.skolverket.se/skolenhetsregistret/v2/organizers/7696007835,true,
segerstanyaskola.se,enskild_huvudman,Segersta Nya skola Ekonomisk förening,skolverket_organizer_api,https://api.skolverket.se/skolenhetsregistret/v2/organizers/7696256838,false,
segrandeliv.se,enskild_huvudman,SEGRANDE LIV  GRUNDSKOLA,skolverket_organizer_api,https://api.skolverket.se/skolenhetsregistret/v2/organizers/8430017593,false,
selmaskolan.se,enskild_huvudman,Barrander & Kurberg Aktiebolag,skolverket_organizer_api,https://api.skolverket.se/skolenhetsregistret/v2/organizers/5568190747,false,
sfg.nu,enskild_huvudman,Sidsjö Fristående Grundskola AB,skolverket_organizer_api,https://api.skolverket.se/skolenhetsregistret/v2/organizers/5567314595,true,
signebynsfriskola.se,enskild_huvudman,Signebyns friskola ek. för.,skolverket_organizer_api,https://api.skolverket.se/skolenhetsregistret/v2/organizers/7164512696,true,
sigridrudebecks.se,enskild_huvudman,AKTIEBOLAGET SIGRID RUDEBECKS SKOLA,skolverket_organizer_api,https://api.skolverket.se/skolenhetsregistret/v2/organizers/5563571248,true,
siks.se,enskild_huvudman,Interkulturell Utbildning i Stockholm AB,skolverket_organizer_api,https://api.skolverket.se/skolenhetsregistret/v2/organizers/5565929360,false,
silvertarnan.se,enskild_huvudman,FÖRÄLDRAKOOPERATIVET SILVERTÄRNAN EK FÖR,skolverket_organizer_api,https://api.skolverket.se/skolenhetsregistret/v2/organizers/7696000145,true,
sjomansskolan.se,enskild_huvudman,SJÖMANSSKOLAN STOCKHOLM AB,skolverket_organizer_api,https://api.skolverket.se/skolenhetsregistret/v2/organizers/5565662409,true,
sjostjarneskolan.se,enskild_huvudman,"FÖRÄLDRAKOOPERATIVET RESÖ, EKONOMISK FÖRENING",skolverket_organizer_api,https://api.skolverket.se/skolenhetsregistret/v2/organizers/7164448933,false,
skabersjoskolan.se,enskild_huvudman,SKABERSJÖBYGDENS SKOLA EK. FÖR.,skolverket_organizer_api,https://api.skolverket.se/skolenhetsregistret/v2/organizers/7696021513,true,
skalbyskolan.se,enskild_huvudman,CK Utbildning AB,skolverket_organizer_api,https://api.skolverket.se/skolenhetsregistret/v2/organizers/5569081150,true,
skanska.se,enskild_huvudman,Skanskaskolan i Växjö AB,skolverket_organizer_api,https://api.skolverket.se/skolenhetsregistret/v2/organizers/5567435994,true,
skanskasmastadenskulturskola.se,enskild_huvudman,Skånska Småstadens Kulturskolas Ekonomiska förening,skolverket_organizer_api,https://api.skolverket.se/skolenhetsregistret/v2/organizers/7696122592,false,
skapaskolan.se,enskild_huvudman,The Learning Lab i Stockholm AB,skolverket_organizer_api,https://api.skolverket.se/skolenhetsregistret/v2/organizers/5568097405,true,
skarstafriskola.net,enskild_huvudman,Skärsta Friskola Ekonomisk förening,skolverket_organizer_api,https://api.skolverket.se/skolenhetsregistret/v2/organizers/7696144539,true,
skattkammaron.se,enskild_huvudman,I UR OCH SKUR SKOLAN SKATTKAMMARÖN EK. FÖR.,skolverket_organizer_api,https://api.skolverket.se/skolenhetsregistret/v2/organizers/7696108104,true,
skattungefriskola.se,enskild_huvudman,Skattunge Friskola ekonomisk förening,skolverket_organizer_api,https://api.skolverket.se/skolenhetsregistret/v2/organizers/7696208698,true,
skf.com,enskild_huvudman,SKF SVERIGE AKTIEBOLAG,skolverket_organizer_api,https://api.skolverket.se/skolenhetsregistret/v2/organizers/5562408301,true,
skogsdungen.se,enskild_huvudman,FÖRÄLDRAKOOPERATIVET SKOGSDUNGEN EK FÖR,skolverket_organizer_api,https://api.skolverket.se/skolenhetsregistret/v2/organizers/7164546207,true,
skolanbergius.se,enskild_huvudman,Sigtuna Friskola AB,skolverket_organizer_api,https://api.skolverket.se/skolenhetsregistret/v2/organizers/5567482707,true,
skolanlar.nu,enskild_huvudman,LÄR I VÄRMDÖ AB,skolverket_organizer_api,https://api.skolverket.se/skolenhetsregistret/v2/organizers/5565934279,true,
skolgrunden.se,enskild_huvudman,SKOLGRUNDEN AKTIEBOLAG,skolverket_organizer_api,https://api.skolverket.se/skolenhetsregistret/v2/organizers/5565588166,true,
skolkvalitet.se,enskild_huvudman,Segersta skola AB,skolverket_organizer_api,https://api.skolverket.se/skolenhetsregistret/v2/organizers/5592527765,true,
skurupsfolkhogskola.se,enskild_huvudman,SKURUPS FOLKHÖGSKOLEFÖRENING,skolverket_organizer_api,https://api.skolverket.se/skolenhetsregistret/v2/organizers/8480001588,true,
skvadern.nu,enskild_huvudman,NORRLIDENS KUNSKAPSCENTRUM AB,skolverket_organizer_api,https://api.skolverket.se/skolenhetsregistret/v2/organizers/5566178215,true,
slottshojdens.se,enskild_huvudman,AKTIEBOLAGET SLOTTSHÖJDENS FÖRSKOLOR,official_org_site,https://slottshojdens.se/,true,confirmed_from_skolverket_missing_url_queue
smaragden.info,enskild_huvudman,MIBA Learning and Education AB,skolverket_organizer_api,https://api.skolverket.se/skolenhetsregistret/v2/organizers/5566991393,true,
socialamissionen.se,enskild_huvudman,SOCIALA MISSIONEN,skolverket_organizer_api,https://api.skolverket.se/skolenhetsregistret/v2/organizers/8020031178,true,
soderbyfriskola.se,enskild_huvudman,SÖDERBY FRISKOLA EKONOMISK FÖRENING,skolverket_organizer_api,https://api.skolverket.se/skolenhetsregistret/v2/organizers/7696016117,true,
soderkopingswaldorfskola.com,enskild_huvudman,STIFTELSEN SÖDERKÖPINGS WALDORFSKOLA,skolverket_organizer_api,https://api.skolverket.se/skolenhetsregistret/v2/organizers/8250017939,true,
sodertaljefriskola.se,enskild_huvudman,SÖDERTÄLJE FRISKOLA AKTIEBOLAG,skolverket_organizer_api,https://api.skolverket.se/skolenhetsregistret/v2/organizers/5565570149,true,
sodertornsgymnasium.se,enskild_huvudman,STEG för framtiden Aktiebolag,skolverket_organizer_api,https://api.skolverket.se/skolenhetsregistret/v2/organizers/5567538383,true,
sodervikskolan.se,enskild_huvudman,Södervikskolan AB,skolverket_organizer_api,https://api.skolverket.se/skolenhetsregistret/v2/organizers/5567220347,true,
sodraskolan.se,enskild_huvudman,Södra skolan i Kalmar AB,skolverket_organizer_api,https://api.skolverket.se/skolenhetsregistret/v2/organizers/5566966031,true,
sofiaangen.se,enskild_huvudman,Sofiaängen AB,skolverket_organizer_api,https://api.skolverket.se/skolenhetsregistret/v2/organizers/5565980942,true,
sofiaskolan.se,enskild_huvudman,Sofiaskolan Gävle AB,skolverket_organizer_api,https://api.skolverket.se/skolenhetsregistret/v2/organizers/5568478126,true,
solangskolan.se,enskild_huvudman,KRISTNA SKOLFÖRENINGEN I ÖRKELLJUNGA,skolverket_organizer_api,https://api.skolverket.se/skolenhetsregistret/v2/organizers/8376003672,true,
solbackensmontessori.se,enskild_huvudman,La Mucca Montessori AB,skolverket_organizer_api,https://api.skolverket.se/skolenhetsregistret/v2/organizers/5567028799,false,
solbergaby.se,enskild_huvudman,FÖRENINGEN SOLBERGA BY,skolverket_organizer_api,https://api.skolverket.se/skolenhetsregistret/v2/organizers/8156000823,true,
solfriskola.se,enskild_huvudman,Selja-Långlets friskola ekonomiska förening,skolverket_organizer_api,https://api.skolverket.se/skolenhetsregistret/v2/organizers/7696212625,true,
solvikskolan.se,enskild_huvudman,STÖDFÖRENINGEN FÖR SOLVIKSKOLAN,skolverket_organizer_api,https://api.skolverket.se/skolenhetsregistret/v2/organizers/8156005145,true,
sophiaskolan.se,enskild_huvudman,"STIFT SOPHIASKOLAN, ÖSTERLENS WALDORFSKOLA",skolverket_organizer_api,https://api.skolverket.se/skolenhetsregistret/v2/organizers/8388005517,true,
sorangsskola.se,enskild_huvudman,Sörängs skola AB,skolverket_organizer_api,https://api.skolverket.se/skolenhetsregistret/v2/organizers/5568793417,true,
sparreholmsskola.se,enskild_huvudman,Sparreholms Utbildning AB (svb),skolverket_organizer_api,https://api.skolverket.se/skolenhetsregistret/v2/organizers/5569568180,true,
spiraskolan.se,enskild_huvudman,Spirande lärande i Täby AB,skolverket_organizer_api,https://api.skolverket.se/skolenhetsregistret/v2/organizers/5565917993,true,
sprakskolanvasby.se,enskild_huvudman,STIFTELSEN SPRÅKSKOLAN I UPPLANDS VÄSBY,skolverket_organizer_api,https://api.skolverket.se/skolenhetsregistret/v2/organizers/8160005966,true,
språkskolan.com,enskild_huvudman,SPRÅKSKOLAN I UMEÅ EK. FÖR.,skolverket_organizer_api,https://api.skolverket.se/skolenhetsregistret/v2/organizers/7696004535,true,
sshl.se,enskild_huvudman,SIGTUNA SKOLSTIFTELSE,skolverket_organizer_api,https://api.skolverket.se/skolenhetsregistret/v2/organizers/8148002879,true,
stadenpaberget.se,enskild_huvudman,LETEBOSKOLAN,skolverket_organizer_api,https://api.skolverket.se/skolenhetsregistret/v2/organizers/8650008728,false,
staffanstorpsmontessori.se,enskild_huvudman,STAFFANSTORPS MONTESSORIFÖRENING,skolverket_organizer_api,https://api.skolverket.se/skolenhetsregistret/v2/organizers/8450008647,true,
stalletsskola.se,enskild_huvudman,"AB Nyfiket lärande, Sollentuna",skolverket_organizer_api,https://api.skolverket.se/skolenhetsregistret/v2/organizers/5567590251,true,
stathogaskolan.se,enskild_huvudman,FRIDASTIFTELSEN,skolverket_organizer_api,https://api.skolverket.se/skolenhetsregistret/v2/organizers/8250031278,false,
steameducation.se,enskild_huvudman,English Education AB,skolverket_organizer_api,https://api.skolverket.se/skolenhetsregistret/v2/organizers/5591668248,true,
stefanskolan.se,enskild_huvudman,FÖRENINGEN STEFANSKOLAN,skolverket_organizer_api,https://api.skolverket.se/skolenhetsregistret/v2/organizers/8020094994,true,
stegehus.se,enskild_huvudman,STIFTELSEN STEGET,skolverket_organizer_api,https://api.skolverket.se/skolenhetsregistret/v2/organizers/8250007922,true,
steinerskolan.se,enskild_huvudman,STIFTELSEN RUDOLF STEINERSKOLAN,skolverket_organizer_api,https://api.skolverket.se/skolenhetsregistret/v2/organizers/8572019142,true,
stellatus.com,enskild_huvudman,Friskolan Stellatus Ekonomisk förening,skolverket_organizer_api,https://api.skolverket.se/skolenhetsregistret/v2/organizers/7696041107,true,
stenbackeskolan.se,enskild_huvudman,STIFTELSEN UDDEVALLA KRISTNA SKOLA,skolverket_organizer_api,https://api.skolverket.se/skolenhetsregistret/v2/organizers/8585011904,true,
stenungsundsmontessori.se,enskild_huvudman,STENUNGSUNDS MONTESSORI EKONOMISKA FÖRENING,skolverket_organizer_api,https://api.skolverket.se/skolenhetsregistret/v2/organizers/7696038103,true,
sterikskatolskaskola.se,enskild_huvudman,STIFTELSEN S:T ERIKS KATOLSKA SKOLA,skolverket_organizer_api,https://api.skolverket.se/skolenhetsregistret/v2/organizers/8572015595,true,
stiftagape.se,enskild_huvudman,STIFTELSEN AGAPE NORRKÖPING,skolverket_organizer_api,https://api.skolverket.se/skolenhetsregistret/v2/organizers/8190009996,true,
stiftelsenvindrosen.se,enskild_huvudman,STIFTELSEN VINDROSEN,skolverket_organizer_api,https://api.skolverket.se/skolenhetsregistret/v2/organizers/8480010621,false,
stigensfriskola.se,enskild_huvudman,Stigens Friskola AB,skolverket_organizer_api,https://api.skolverket.se/skolenhetsregistret/v2/organizers/5568559917,true,
stillerska.se,enskild_huvudman,Stillerska AB,skolverket_organizer_api,https://api.skolverket.se/skolenhetsregistret/v2/organizers/5567777270,false,
stims.se,enskild_huvudman,International Montessori School Sweden AB,skolverket_organizer_api,https://api.skolverket.se/skolenhetsregistret/v2/organizers/5567640205,true,
stockholmsmontessoriskola.se,enskild_huvudman,STOCKHOLMS MONTESSORISKOLA AKTIEBOLAG,skolverket_organizer_api,https://api.skolverket.se/skolenhetsregistret/v2/organizers/5564609666,false,
strandskolan.org,enskild_huvudman,"STRANDSKOLAN, MONTESSORIFÖRENINGEN I KUNGÄLV",skolverket_organizer_api,https://api.skolverket.se/skolenhetsregistret/v2/organizers/8533007004,true,
strandskolan.se,enskild_huvudman,VILHELMINA FRIA FÖRSAMLING,skolverket_organizer_api,https://api.skolverket.se/skolenhetsregistret/v2/organizers/8961005140,true,
strangnasmontessoriskola.se,enskild_huvudman,Strängnäs Montessoriskola Ekonomisk förening,skolverket_organizer_api,https://api.skolverket.se/skolenhetsregistret/v2/organizers/7696027619,true,
strommanaturbruk.se,enskild_huvudman,Strömma Naturbrukscentrum AB,skolverket_organizer_api,https://api.skolverket.se/skolenhetsregistret/v2/organizers/5590488465,true,
stromsbergsfriskola.se,enskild_huvudman,Friskolan i Strömsberg AB,skolverket_organizer_api,https://api.skolverket.se/skolenhetsregistret/v2/organizers/5568823859,true,
stromsholm.com,enskild_huvudman,Ridskolan Strömsholm RS AB,skolverket_organizer_api,https://api.skolverket.se/skolenhetsregistret/v2/organizers/5566940408,true,
studema.se,enskild_huvudman,FÖRENINGEN AKTIVA STUDIER /FAS/,skolverket_organizer_api,https://api.skolverket.se/skolenhetsregistret/v2/organizers/8020096403,true,
suh.se,enskild_huvudman,SUH INNOVATION AB,skolverket_organizer_api,https://api.skolverket.se/skolenhetsregistret/v2/organizers/5566334537,false,
svalnas.se,enskild_huvudman,"Svalnäs, ekonomisk förening",skolverket_organizer_api,https://api.skolverket.se/skolenhetsregistret/v2/organizers/7696236806,true,
svalovsmontessori.se,enskild_huvudman,Svalövs Montessori Ekonomisk förening,skolverket_organizer_api,https://api.skolverket.se/skolenhetsregistret/v2/organizers/7696009328,true,
sveaeducation.se,enskild_huvudman,Svea Education AB,skolverket_organizer_api,https://api.skolverket.se/skolenhetsregistret/v2/organizers/5591198220,true,
sveaskolan.nu,enskild_huvudman,Sveaskolan AB,skolverket_organizer_api,https://api.skolverket.se/skolenhetsregistret/v2/organizers/5567282859,true,
sveastockholm.se,enskild_huvudman,C A R L skolan AB,skolverket_organizer_api,https://api.skolverket.se/skolenhetsregistret/v2/organizers/5590933338,false,
sverigefinskaskolan.com,enskild_huvudman,SVERIGEFINSKA SKOLAN I BOTKYRKA AKTIEBOLAG,skolverket_organizer_api,https://api.skolverket.se/skolenhetsregistret/v2/organizers/5565721247,true,
sverigefinskaskolan.eu,enskild_huvudman,Sverigefinska skolan i Stockholm AB,skolverket_organizer_api,https://api.skolverket.se/skolenhetsregistret/v2/organizers/5564823937,true,
sverigefinskaskolan.org,enskild_huvudman,FÖRENINGEN SVERIGEFINSKA SKOLAN I GÖTEBORG EK F,skolverket_organizer_api,https://api.skolverket.se/skolenhetsregistret/v2/organizers/7164449725,false,
sverigefinskaskolanikista.se,enskild_huvudman,STIFTELSEN SVERIGEFINSKA SKOLAN I JÄRVA,skolverket_organizer_api,https://api.skolverket.se/skolenhetsregistret/v2/organizers/8024007380,true,
svettparlan.se,enskild_huvudman,FRISKOLAN SVETTPÄRLAN AB,skolverket_organizer_api,https://api.skolverket.se/skolenhetsregistret/v2/organizers/5565570446,true,
syab.se,enskild_huvudman,SYAB Transportgymnasium AB,skolverket_organizer_api,https://api.skolverket.se/skolenhetsregistret/v2/organizers/5567290035,true,
tabyenskilda.se,enskild_huvudman,TÄBY ENSKILDA GYMNASIUM AB,skolverket_organizer_api,https://api.skolverket.se/skolenhetsregistret/v2/organizers/5565680112,true,
tallbacken.se,enskild_huvudman,Freinetskolan Tallbacken AB,skolverket_organizer_api,https://api.skolverket.se/skolenhetsregistret/v2/organizers/5566403407,true,
tankeborgen.se,enskild_huvudman,SVARTLÅ-SANDTRÄSK EKONOMISKA FÖRENINGEN,skolverket_organizer_api,https://api.skolverket.se/skolenhetsregistret/v2/organizers/7696081434,true,
tantgron.nu,enskild_huvudman,TANT GRÖN AB,skolverket_organizer_api,https://api.skolverket.se/skolenhetsregistret/v2/organizers/5564127099,true,
tantoschool.org,enskild_huvudman,THE TANTO SCHOOL AB,skolverket_organizer_api,https://api.skolverket.se/skolenhetsregistret/v2/organizers/5566018205,true,
taulearning.se,enskild_huvudman,TAU Learning Aktiebolag,skolverket_organizer_api,https://api.skolverket.se/skolenhetsregistret/v2/organizers/5566866082,false,
theenglishschool.se,enskild_huvudman,STIFTELSEN ENGLISH SCHOOL IN GOTHENBURG,skolverket_organizer_api,https://api.skolverket.se/skolenhetsregistret/v2/organizers/8551009148,true,
thorenframtid.se,enskild_huvudman,Vargen i Kiruna AB,skolverket_organizer_api,https://api.skolverket.se/skolenhetsregistret/v2/organizers/5568215999,false,original_url=grundskola.thorenframtid.se
thorengruppen.se,enskild_huvudman,FRISKOLAN VIVAMUS AB,skolverket_organizer_api,https://api.skolverket.se/skolenhetsregistret/v2/organizers/5566063912,false,
tibble.nu,enskild_huvudman,Tibble Campus Täby AB,skolverket_organizer_api,https://api.skolverket.se/skolenhetsregistret/v2/organizers/5566978556,true,
tillberga.com,enskild_huvudman,TILLBERGA GRANNSKAPSSERVICE EK FÖ,skolverket_organizer_api,https://api.skolverket.se/skolenhetsregistret/v2/organizers/7164547536,true,
tjornsmontessor.se,enskild_huvudman,Tjörns Montessoriskola Ekonomisk förening,skolverket_organizer_api,https://api.skolverket.se/skolenhetsregistret/v2/organizers/7696317606,true,
tmsv.se,enskild_huvudman,TYRESÖ MONTESSORISKOLA AKTIEBOLAG,skolverket_organizer_api,https://api.skolverket.se/skolenhetsregistret/v2/organizers/5566668413,false,
tobiasgarden.se,enskild_huvudman,STIFTELSEN TOBIASGÅRDEN,skolverket_organizer_api,https://api.skolverket.se/skolenhetsregistret/v2/organizers/8533006899,true,
tofthaga.se,enskild_huvudman,Tofthaga förskola och skola ekonomisk förening,skolverket_organizer_api,https://api.skolverket.se/skolenhetsregistret/v2/organizers/7164035912,true,
tolvmans.se,enskild_huvudman,TOLVMANSSKOLANS EKONOMISKA FÖRENING,skolverket_organizer_api,https://api.skolverket.se/skolenhetsregistret/v2/organizers/7696098875,true,
toravega.se,enskild_huvudman,TORA VEGA FOLKHÖGSKOLA,skolverket_organizer_api,https://api.skolverket.se/skolenhetsregistret/v2/organizers/8460001822,true,
tornadoskolan.se,enskild_huvudman,ESF Skarpnäck AB,skolverket_organizer_api,https://api.skolverket.se/skolenhetsregistret/v2/organizers/5567620223,true,
transtrandsfriskola.se,enskild_huvudman,Transtrands Friskola ekonomisk förening,skolverket_organizer_api,https://api.skolverket.se/skolenhetsregistret/v2/organizers/7696168751,false,
trautbildningar.se,enskild_huvudman,Träutbildningar i Hälsingland AB,skolverket_organizer_api,https://api.skolverket.se/skolenhetsregistret/v2/organizers/5567796718,true,
trilobiten.nu,enskild_huvudman,TROLLHÄTTANS MONTESSORISKOLA AKTIEBOLAG,skolverket_organizer_api,https://api.skolverket.se/skolenhetsregistret/v2/organizers/5564696564,true,
trollungarna.nu,enskild_huvudman,Trolleholms Trollungar AB,skolverket_organizer_api,https://api.skolverket.se/skolenhetsregistret/v2/organizers/5567829246,true,
trydefriskola.se,enskild_huvudman,TRYDE FRISKOLA EKONOMISK FÖRENING,skolverket_organizer_api,https://api.skolverket.se/skolenhetsregistret/v2/organizers/7696096887,true,
tryserumsfriskola.com,enskild_huvudman,TRYSERUMS FRISKOLA AKTIEBOLAG,skolverket_organizer_api,https://api.skolverket.se/skolenhetsregistret/v2/organizers/5564809712,true,
tsgymnasiet.se,enskild_huvudman,Ludus AB,skolverket_organizer_api,https://api.skolverket.se/skolenhetsregistret/v2/organizers/5568879018,true,
tvetafriskola.se,enskild_huvudman,Tveta friskola ekonomisk förening,skolverket_organizer_api,https://api.skolverket.se/skolenhetsregistret/v2/organizers/7696331367,true,
tyskaskolan.se,enskild_huvudman,TYSKA SKOLFÖRENINGEN,skolverket_organizer_api,https://api.skolverket.se/skolenhetsregistret/v2/organizers/8020056530,true,
tysslingefriskola.se,enskild_huvudman,"Föräldrakooperativet TYSSLINGE SKOLA, Ekonomisk förening",skolverket_organizer_api,https://api.skolverket.se/skolenhetsregistret/v2/organizers/7164532132,true,
ucsweden.org,enskild_huvudman,Vita Briggen Karlskrona AB,skolverket_organizer_api,https://api.skolverket.se/skolenhetsregistret/v2/organizers/5568933559,false,
ugglan.net,enskild_huvudman,VÄSTERHANINGE MONTESSORISKOLA EKONOMISK FÖRENING,skolverket_organizer_api,https://api.skolverket.se/skolenhetsregistret/v2/organizers/7696018816,true,
ummaforskolor.se,enskild_huvudman,Kardemumma Utbildning AB,skolverket_organizer_api,https://api.skolverket.se/skolenhetsregistret/v2/organizers/5566996533,true,
ungart.se,enskild_huvudman,UNGART AB,skolverket_organizer_api,https://api.skolverket.se/skolenhetsregistret/v2/organizers/5566379623,true,
uppsalaenskildaskola.com,enskild_huvudman,STIFTELSEN LITEN LÄR,skolverket_organizer_api,https://api.skolverket.se/skolenhetsregistret/v2/organizers/8176052770,true,
uppsalamontessori.se,enskild_huvudman,UPPSALA MONTESSORISKOLA AB,skolverket_organizer_api,https://api.skolverket.se/skolenhetsregistret/v2/organizers/5565527354,true,
uppsalamusikklasser.se,enskild_huvudman,STIFTELSEN UPPSALA MUSIKKLASSER,skolverket_organizer_api,https://api.skolverket.se/skolenhetsregistret/v2/organizers/8176054917,true,
uppsalawaldorfskola.nu,enskild_huvudman,STIFTELSEN UPPSALA WALDORFSKOLA,skolverket_organizer_api,https://api.skolverket.se/skolenhetsregistret/v2/organizers/8176031154,true,
urfjall.se,enskild_huvudman,UBIM,skolverket_organizer_api,https://api.skolverket.se/skolenhetsregistret/v2/organizers/8132002497,true,
utsikten.org,enskild_huvudman,I UR OCH SKUR UTSIKTEN GÖTEBORG EK FÖR,skolverket_organizer_api,https://api.skolverket.se/skolenhetsregistret/v2/organizers/7164446945,true,
utvecklingscentrum.se,enskild_huvudman,Fjällbyns Gymnasieskola i Funäsdalen AB,skolverket_organizer_api,https://api.skolverket.se/skolenhetsregistret/v2/organizers/5564001534,true,
utvecklingspedagogik.se,enskild_huvudman,Utvecklingspedagogik Sverige Aktiebolag,skolverket_organizer_api,https://api.skolverket.se/skolenhetsregistret/v2/organizers/5564715729,true,
vackstanas.se,enskild_huvudman,STIFTELSEN OTTO OCH SIGNE BROMS HEMSKOLA Å VACKSTANÄS,skolverket_organizer_api,https://api.skolverket.se/skolenhetsregistret/v2/organizers/8156000690,true,
vallentunafriskola.se,enskild_huvudman,VALLENTUNA FRISKOLA AB,skolverket_organizer_api,https://api.skolverket.se/skolenhetsregistret/v2/organizers/5565736187,true,
vallentunaims.se,enskild_huvudman,VIMS AB,skolverket_organizer_api,https://api.skolverket.se/skolenhetsregistret/v2/organizers/5568591555,false,
varfruberga.se,enskild_huvudman,Vårfruberga Utbildning AB (svb),skolverket_organizer_api,https://api.skolverket.se/skolenhetsregistret/v2/organizers/5591438840,true,
varingaskolan.se,enskild_huvudman,VÄRINGASKOLANS FÖRÄLDRAFÖRENING,skolverket_organizer_api,https://api.skolverket.se/skolenhetsregistret/v2/organizers/8148010682,true,
varmskogsfriskola.se,enskild_huvudman,Föräldrakooperativet Värmskog Ekonomisk förening,skolverket_organizer_api,https://api.skolverket.se/skolenhetsregistret/v2/organizers/7164512886,true,
vasaskolan.net,enskild_huvudman,STIFTELSEN FÖR KRISTNA SKOLOR,skolverket_organizer_api,https://api.skolverket.se/skolenhetsregistret/v2/organizers/8572027434,true,
vasastansmontessoriskola.se,enskild_huvudman,VASASTANS MONTESSORIFÖRSKOLA,skolverket_organizer_api,https://api.skolverket.se/skolenhetsregistret/v2/organizers/8020120971,true,
vastanaskolan.se,enskild_huvudman,Västanåskolans Ekonomiska förening,skolverket_organizer_api,https://api.skolverket.se/skolenhetsregistret/v2/organizers/7696129191,true,
vastansjobyskola.se,enskild_huvudman,Västansjö skola AB,skolverket_organizer_api,https://api.skolverket.se/skolenhetsregistret/v2/organizers/5569182784,true,
vastbergaskolan.se,enskild_huvudman,VÄSTBERGASKOLAN AB,skolverket_organizer_api,https://api.skolverket.se/skolenhetsregistret/v2/organizers/5565977609,true,
vasterasmontessoriskola.se,enskild_huvudman,VÄSTERÅS MONTESSORISKOLA AB,skolverket_organizer_api,https://api.skolverket.se/skolenhetsregistret/v2/organizers/5565848420,true,
vasterholm.se,enskild_huvudman,VÄSTERHOLMS FRISKOLA AB,skolverket_organizer_api,https://api.skolverket.se/skolenhetsregistret/v2/organizers/5565672812,true,
vastsvenskagymnasiet.se,enskild_huvudman,Idrottens Skola i Göteborg AB,skolverket_organizer_api,https://api.skolverket.se/skolenhetsregistret/v2/organizers/5562035906,true,
vattenfallgymnasiet.se,enskild_huvudman,Forsmarks Gymnasium AB,skolverket_organizer_api,https://api.skolverket.se/skolenhetsregistret/v2/organizers/5566597885,true,
vaxjofria.se,enskild_huvudman,VÄXJÖ FRIA GYMNASIUM AB,skolverket_organizer_api,https://api.skolverket.se/skolenhetsregistret/v2/organizers/5565847836,true,
vaxjomontessori.se,enskild_huvudman,Stella Montessori AB,skolverket_organizer_api,https://api.skolverket.se/skolenhetsregistret/v2/organizers/5566182662,true,
vaxsjobyskola.se,enskild_huvudman,Växsjö byskola AB,skolverket_organizer_api,https://api.skolverket.se/skolenhetsregistret/v2/organizers/5568021496,true,
vbgmo.se,enskild_huvudman,Varbergs Montessoriskola Ekonomisk förening,skolverket_organizer_api,https://api.skolverket.se/skolenhetsregistret/v2/organizers/7164083417,true,
vebomarksbyaskola.se,enskild_huvudman,VEBOMARKS FRISKOLEFÖRENING,skolverket_organizer_api,https://api.skolverket.se/skolenhetsregistret/v2/organizers/8947019397,true,
vejbystrandsskola.se,enskild_huvudman,Vejbystrands Skola och Förskola Ekonomisk förening,skolverket_organizer_api,https://api.skolverket.se/skolenhetsregistret/v2/organizers/7164063872,false,
vendestigen.se,enskild_huvudman,Vendestigens Förskola och Skola AB,skolverket_organizer_api,https://api.skolverket.se/skolenhetsregistret/v2/organizers/5565422762,true,
vesterhavsskolan.se,enskild_huvudman,Vesterhavet AB,skolverket_organizer_api,https://api.skolverket.se/skolenhetsregistret/v2/organizers/5567870398,true,
vetenskapsskolan.se,enskild_huvudman,Shatilah bygg och renovering AB,skolverket_organizer_api,https://api.skolverket.se/skolenhetsregistret/v2/organizers/5567716583,false,
vetlandafriskola.se,enskild_huvudman,HOPE STIFTELSEN,official_org_site,https://vetlandafriskola.se/,true,confirmed_from_skolverket_missing_url_queue;school_unit=Vetlanda Friskola(AKTIV)
vettergymnasiet.se,enskild_huvudman,Wetterbygdens Gymnasium AB,skolverket_organizer_api,https://api.skolverket.se/skolenhetsregistret/v2/organizers/5567507420,true,
vfg.se,enskild_huvudman,VFG Utbildning AB,skolverket_organizer_api,https://api.skolverket.se/skolenhetsregistret/v2/organizers/5562496629,true,
vibyfriskola.se,enskild_huvudman,OGENHOLTS FRISKOLA AB,skolverket_organizer_api,https://api.skolverket.se/skolenhetsregistret/v2/organizers/5565533873,true,
vibyskolan.se,enskild_huvudman,VIBYSKOLAN EKONOMISK FÖRENING,skolverket_organizer_api,https://api.skolverket.se/skolenhetsregistret/v2/organizers/7696034201,true,
victoriaskolan.se,enskild_huvudman,TYSKA SKOLAN GÖTEBORG EK. FÖR.,skolverket_organizer_api,https://api.skolverket.se/skolenhetsregistret/v2/organizers/7696043608,true,
victumgymnasium.se,enskild_huvudman,Victum Gymnasium Aktiebolag,skolverket_organizer_api,https://api.skolverket.se/skolenhetsregistret/v2/organizers/5564889482,true,
videdalsprivatskolor.se,enskild_huvudman,AKTIEBOLAGET VIDEDALS PRIVATSKOLOR,skolverket_organizer_api,https://api.skolverket.se/skolenhetsregistret/v2/organizers/5564518750,true,
vigs.se,enskild_huvudman,Lacko Internationella Grundskola AB,skolverket_organizer_api,https://api.skolverket.se/skolenhetsregistret/v2/organizers/5568111123,true,
vikensmontessori.se,enskild_huvudman,VIKENS MONTESSORI AKTIEBOLAG,skolverket_organizer_api,https://api.skolverket.se/skolenhetsregistret/v2/organizers/5564977121,false,
viktoriaskolan.se,enskild_huvudman,BRICKEBERGSKYRKANS SKOLSTIFTELSE,skolverket_organizer_api,https://api.skolverket.se/skolenhetsregistret/v2/organizers/8750034491,true,
viljan.se,enskild_huvudman,Viljan Individ och Familj AB,skolverket_organizer_api,https://api.skolverket.se/skolenhetsregistret/v2/organizers/5564778958,true,
viljanfriskola.se,enskild_huvudman,Viljan Friskola AB,skolverket_organizer_api,https://api.skolverket.se/skolenhetsregistret/v2/organizers/5567777775,true,
viljaskolan.se,enskild_huvudman,Utbildia AB,skolverket_organizer_api,https://api.skolverket.se/skolenhetsregistret/v2/organizers/5591893754,true,
villamy.se,enskild_huvudman,Monteprenör AB,skolverket_organizer_api,https://api.skolverket.se/skolenhetsregistret/v2/organizers/5567874945,true,
villberga.com,enskild_huvudman,VILLBERGA FAMILJECENTER AKTIEBOLAG,skolverket_organizer_api,https://api.skolverket.se/skolenhetsregistret/v2/organizers/5565716650,true,
vins.se,enskild_huvudman,Utbildningsservice i Västerås AB,skolverket_organizer_api,https://api.skolverket.se/skolenhetsregistret/v2/organizers/5566708615,true,
vintertullsskolan.se,enskild_huvudman,VINTERTULLSSKOLAN I STOCKHOLM AKTIEBOLAG,skolverket_organizer_api,https://api.skolverket.se/skolenhetsregistret/v2/organizers/5565541215,true,
virestadsfriskola.se,enskild_huvudman,Virestads Friskola Ekonomisk förening,skolverket_organizer_api,https://api.skolverket.se/skolenhetsregistret/v2/organizers/7696194153,true,
viskolan.org,enskild_huvudman,STIFTELSEN VÄXJÖ ISLAMISKA SKOLA,skolverket_organizer_api,https://api.skolverket.se/skolenhetsregistret/v2/organizers/8024242904,true,
vistaholm.se,enskild_huvudman,FÖRÄLDRAKOOPERATIVET VISTAHOLM EK. FÖR.,skolverket_organizer_api,https://api.skolverket.se/skolenhetsregistret/v2/organizers/7164477551,true,
vitadalensskola.se,enskild_huvudman,Vitådalens skola ekonomisk förening,skolverket_organizer_api,https://api.skolverket.se/skolenhetsregistret/v2/organizers/7696315931,true,
vogy.se,enskild_huvudman,Vård och omsorgsgymnasiet i Sollentuna AB,skolverket_organizer_api,https://api.skolverket.se/skolenhetsregistret/v2/organizers/5592575061,true,
vrenafriskola.se,enskild_huvudman,VRENA FRISKOLEFÖRENING,skolverket_organizer_api,https://api.skolverket.se/skolenhetsregistret/v2/organizers/8024604285,true,
vuollerimsfriskola.se,enskild_huvudman,Vuollerims Friskola AB,skolverket_organizer_api,https://api.skolverket.se/skolenhetsregistret/v2/organizers/5567857262,true,
waldorfkarlshamn.se,enskild_huvudman,DAGGKÅPAN EKONOMISK FÖRENING,skolverket_organizer_api,https://api.skolverket.se/skolenhetsregistret/v2/organizers/7164056082,true,
waldorfostersund.se,enskild_huvudman,Vidarskolan AB (svb),skolverket_organizer_api,https://api.skolverket.se/skolenhetsregistret/v2/organizers/5566578307,true,
waldorfskolan.se,enskild_huvudman,DJURGÅRDENS WALDORFSKOLEFÖRENING,skolverket_organizer_api,https://api.skolverket.se/skolenhetsregistret/v2/organizers/8024222641,true,
waldorfsolvinden.se,enskild_huvudman,WALDORFBARNTRÄDGÅRDEN SOLVINDEN,skolverket_organizer_api,https://api.skolverket.se/skolenhetsregistret/v2/organizers/8450033645,true,
waldorfumea.se,enskild_huvudman,STIFTELSEN UMEÅ WALDORFSKOLA R KARLSSON MFL,skolverket_organizer_api,https://api.skolverket.se/skolenhetsregistret/v2/organizers/8940012076,true,
wallakraskolaochforskola.se,enskild_huvudman,VALLÅKRABYGDENS BARNSERVICE AKTIEBOLAG,skolverket_organizer_api,https://api.skolverket.se/skolenhetsregistret/v2/organizers/5560335837,true,
wallbergsskolan.se,enskild_huvudman,WALLBERGSSKOLANS IDEELLA FÖRENING,skolverket_organizer_api,https://api.skolverket.se/skolenhetsregistret/v2/organizers/8492023802,true,
waochurch.com,enskild_huvudman,WE ARE ONE CHURCH,skolverket_organizer_api,https://api.skolverket.se/skolenhetsregistret/v2/organizers/8020033687,true,
whgy.se,enskild_huvudman,Gimo UtbildningsAktiebolag,skolverket_organizer_api,https://api.skolverket.se/skolenhetsregistret/v2/organizers/5560614041,true,
